--
-- PostgreSQL database cluster dump
--

SET default_transaction_read_only = off;

SET client_encoding = 'UTF8';
SET standard_conforming_strings = on;

--
-- Drop databases (except postgres and template1)
--

DROP DATABASE "PocketServiceDB";




--
-- Drop roles
--

DROP ROLE postgres;


--
-- Roles
--

CREATE ROLE postgres;
ALTER ROLE postgres WITH SUPERUSER INHERIT CREATEROLE CREATEDB LOGIN REPLICATION BYPASSRLS PASSWORD 'SCRAM-SHA-256$4096:bymEi3DQBQZ9CnsSFZX8vg==$nTxOFQFFU+yqgM414Od25hEl/EBOkbq74wOym5qmM24=:4v+dzY7j5NMPRzVjKyeU6MRf8JCaZlkgdixHeZluY1s=';






--
-- Databases
--

--
-- Database "template1" dump
--

--
-- PostgreSQL database dump
--

-- Dumped from database version 14.7
-- Dumped by pg_dump version 14.7

SET statement_timeout = 0;
SET lock_timeout = 0;
SET idle_in_transaction_session_timeout = 0;
SET client_encoding = 'UTF8';
SET standard_conforming_strings = on;
SELECT pg_catalog.set_config('search_path', '', false);
SET check_function_bodies = false;
SET xmloption = content;
SET client_min_messages = warning;
SET row_security = off;

UPDATE pg_catalog.pg_database SET datistemplate = false WHERE datname = 'template1';
DROP DATABASE template1;
--
-- Name: template1; Type: DATABASE; Schema: -; Owner: postgres
--

CREATE DATABASE template1 WITH TEMPLATE = template0 ENCODING = 'UTF8' LOCALE = 'en_US.utf8';


ALTER DATABASE template1 OWNER TO postgres;

\connect template1

SET statement_timeout = 0;
SET lock_timeout = 0;
SET idle_in_transaction_session_timeout = 0;
SET client_encoding = 'UTF8';
SET standard_conforming_strings = on;
SELECT pg_catalog.set_config('search_path', '', false);
SET check_function_bodies = false;
SET xmloption = content;
SET client_min_messages = warning;
SET row_security = off;

--
-- Name: DATABASE template1; Type: COMMENT; Schema: -; Owner: postgres
--

COMMENT ON DATABASE template1 IS 'default template for new databases';


--
-- Name: template1; Type: DATABASE PROPERTIES; Schema: -; Owner: postgres
--

ALTER DATABASE template1 IS_TEMPLATE = true;


\connect template1

SET statement_timeout = 0;
SET lock_timeout = 0;
SET idle_in_transaction_session_timeout = 0;
SET client_encoding = 'UTF8';
SET standard_conforming_strings = on;
SELECT pg_catalog.set_config('search_path', '', false);
SET check_function_bodies = false;
SET xmloption = content;
SET client_min_messages = warning;
SET row_security = off;

--
-- Name: DATABASE template1; Type: ACL; Schema: -; Owner: postgres
--

REVOKE CONNECT,TEMPORARY ON DATABASE template1 FROM PUBLIC;
GRANT CONNECT ON DATABASE template1 TO PUBLIC;


--
-- PostgreSQL database dump complete
--

--
-- Database "PocketServiceDB" dump
--

--
-- PostgreSQL database dump
--

-- Dumped from database version 14.7
-- Dumped by pg_dump version 14.7

SET statement_timeout = 0;
SET lock_timeout = 0;
SET idle_in_transaction_session_timeout = 0;
SET client_encoding = 'UTF8';
SET standard_conforming_strings = on;
SELECT pg_catalog.set_config('search_path', '', false);
SET check_function_bodies = false;
SET xmloption = content;
SET client_min_messages = warning;
SET row_security = off;

--
-- Name: PocketServiceDB; Type: DATABASE; Schema: -; Owner: postgres
--

CREATE DATABASE "PocketServiceDB" WITH TEMPLATE = template0 ENCODING = 'UTF8' LOCALE = 'en_US.utf8';


ALTER DATABASE "PocketServiceDB" OWNER TO postgres;

\connect "PocketServiceDB"

SET statement_timeout = 0;
SET lock_timeout = 0;
SET idle_in_transaction_session_timeout = 0;
SET client_encoding = 'UTF8';
SET standard_conforming_strings = on;
SELECT pg_catalog.set_config('search_path', '', false);
SET check_function_bodies = false;
SET xmloption = content;
SET client_min_messages = warning;
SET row_security = off;

SET default_tablespace = '';

SET default_table_access_method = heap;

--
-- Name: price; Type: TABLE; Schema: public; Owner: postgres
--

CREATE TABLE public.price (
    id bigint NOT NULL,
    creation_datetime timestamp with time zone NOT NULL,
    update_datetime timestamp with time zone NOT NULL,
    flag boolean NOT NULL,
    price_value character varying(30),
    product_id bigint,
    agent_id bigint
);


ALTER TABLE public.price OWNER TO postgres;

--
-- Name: PocketServiceApp_price_id_seq; Type: SEQUENCE; Schema: public; Owner: postgres
--

ALTER TABLE public.price ALTER COLUMN id ADD GENERATED BY DEFAULT AS IDENTITY (
    SEQUENCE NAME public."PocketServiceApp_price_id_seq"
    START WITH 1
    INCREMENT BY 1
    NO MINVALUE
    NO MAXVALUE
    CACHE 1
);


--
-- Name: Transactions; Type: TABLE; Schema: public; Owner: postgres
--

CREATE TABLE public."Transactions" (
    id bigint NOT NULL,
    creation_datetime timestamp with time zone NOT NULL,
    update_datetime timestamp with time zone NOT NULL,
    flag boolean NOT NULL,
    currency character varying(255),
    total_amount character varying(255),
    invoice_payload character varying(255),
    provider_payment_charge_id character varying(255),
    status boolean NOT NULL,
    status_str character varying(255),
    operation character varying(255),
    masked_pan character varying(255),
    bank_name character varying(255),
    payment_way character varying(255),
    expiry character varying(255),
    payment_date timestamp with time zone,
    order_id bigint
);


ALTER TABLE public."Transactions" OWNER TO postgres;

--
-- Name: Transactions_id_seq; Type: SEQUENCE; Schema: public; Owner: postgres
--

ALTER TABLE public."Transactions" ALTER COLUMN id ADD GENERATED BY DEFAULT AS IDENTITY (
    SEQUENCE NAME public."Transactions_id_seq"
    START WITH 1
    INCREMENT BY 1
    NO MINVALUE
    NO MAXVALUE
    CACHE 1
);


--
-- Name: administrator; Type: TABLE; Schema: public; Owner: postgres
--

CREATE TABLE public.administrator (
    person_ptr_id bigint NOT NULL,
    whom_created character varying(20),
    addition_information text
);


ALTER TABLE public.administrator OWNER TO postgres;

--
-- Name: agent; Type: TABLE; Schema: public; Owner: postgres
--

CREATE TABLE public.agent (
    person_ptr_id bigint NOT NULL,
    agent_description text,
    education_description text,
    work_experience text,
    command_work boolean,
    passport_check boolean,
    contract_work boolean,
    guarantee_period text,
    services_prices text,
    company_id bigint
);


ALTER TABLE public.agent OWNER TO postgres;

--
-- Name: agent_area; Type: TABLE; Schema: public; Owner: postgres
--

CREATE TABLE public.agent_area (
    id bigint NOT NULL,
    agent_id bigint NOT NULL,
    area_id bigint NOT NULL
);


ALTER TABLE public.agent_area OWNER TO postgres;

--
-- Name: agent_area_id_seq; Type: SEQUENCE; Schema: public; Owner: postgres
--

ALTER TABLE public.agent_area ALTER COLUMN id ADD GENERATED BY DEFAULT AS IDENTITY (
    SEQUENCE NAME public.agent_area_id_seq
    START WITH 1
    INCREMENT BY 1
    NO MINVALUE
    NO MAXVALUE
    CACHE 1
);


--
-- Name: agent_products; Type: TABLE; Schema: public; Owner: postgres
--

CREATE TABLE public.agent_products (
    id bigint NOT NULL,
    agent_id bigint NOT NULL,
    product_id bigint NOT NULL
);


ALTER TABLE public.agent_products OWNER TO postgres;

--
-- Name: agent_products_id_seq; Type: SEQUENCE; Schema: public; Owner: postgres
--

ALTER TABLE public.agent_products ALTER COLUMN id ADD GENERATED BY DEFAULT AS IDENTITY (
    SEQUENCE NAME public.agent_products_id_seq
    START WITH 1
    INCREMENT BY 1
    NO MINVALUE
    NO MAXVALUE
    CACHE 1
);


--
-- Name: area; Type: TABLE; Schema: public; Owner: postgres
--

CREATE TABLE public.area (
    id bigint NOT NULL,
    creation_datetime timestamp with time zone NOT NULL,
    update_datetime timestamp with time zone NOT NULL,
    flag boolean NOT NULL,
    area_name character varying(255),
    city character varying(255),
    region character varying(255)
);


ALTER TABLE public.area OWNER TO postgres;

--
-- Name: area_id_seq; Type: SEQUENCE; Schema: public; Owner: postgres
--

ALTER TABLE public.area ALTER COLUMN id ADD GENERATED BY DEFAULT AS IDENTITY (
    SEQUENCE NAME public.area_id_seq
    START WITH 1
    INCREMENT BY 1
    NO MINVALUE
    NO MAXVALUE
    CACHE 1
);


--
-- Name: auth_group; Type: TABLE; Schema: public; Owner: postgres
--

CREATE TABLE public.auth_group (
    id integer NOT NULL,
    name character varying(150) NOT NULL
);


ALTER TABLE public.auth_group OWNER TO postgres;

--
-- Name: auth_group_id_seq; Type: SEQUENCE; Schema: public; Owner: postgres
--

ALTER TABLE public.auth_group ALTER COLUMN id ADD GENERATED BY DEFAULT AS IDENTITY (
    SEQUENCE NAME public.auth_group_id_seq
    START WITH 1
    INCREMENT BY 1
    NO MINVALUE
    NO MAXVALUE
    CACHE 1
);


--
-- Name: auth_group_permissions; Type: TABLE; Schema: public; Owner: postgres
--

CREATE TABLE public.auth_group_permissions (
    id bigint NOT NULL,
    group_id integer NOT NULL,
    permission_id integer NOT NULL
);


ALTER TABLE public.auth_group_permissions OWNER TO postgres;

--
-- Name: auth_group_permissions_id_seq; Type: SEQUENCE; Schema: public; Owner: postgres
--

ALTER TABLE public.auth_group_permissions ALTER COLUMN id ADD GENERATED BY DEFAULT AS IDENTITY (
    SEQUENCE NAME public.auth_group_permissions_id_seq
    START WITH 1
    INCREMENT BY 1
    NO MINVALUE
    NO MAXVALUE
    CACHE 1
);


--
-- Name: auth_permission; Type: TABLE; Schema: public; Owner: postgres
--

CREATE TABLE public.auth_permission (
    id integer NOT NULL,
    name character varying(255) NOT NULL,
    content_type_id integer NOT NULL,
    codename character varying(100) NOT NULL
);


ALTER TABLE public.auth_permission OWNER TO postgres;

--
-- Name: auth_permission_id_seq; Type: SEQUENCE; Schema: public; Owner: postgres
--

ALTER TABLE public.auth_permission ALTER COLUMN id ADD GENERATED BY DEFAULT AS IDENTITY (
    SEQUENCE NAME public.auth_permission_id_seq
    START WITH 1
    INCREMENT BY 1
    NO MINVALUE
    NO MAXVALUE
    CACHE 1
);


--
-- Name: auth_user; Type: TABLE; Schema: public; Owner: postgres
--

CREATE TABLE public.auth_user (
    id integer NOT NULL,
    password character varying(128) NOT NULL,
    last_login timestamp with time zone,
    is_superuser boolean NOT NULL,
    username character varying(150) NOT NULL,
    first_name character varying(150) NOT NULL,
    last_name character varying(150) NOT NULL,
    email character varying(254) NOT NULL,
    is_staff boolean NOT NULL,
    is_active boolean NOT NULL,
    date_joined timestamp with time zone NOT NULL
);


ALTER TABLE public.auth_user OWNER TO postgres;

--
-- Name: auth_user_groups; Type: TABLE; Schema: public; Owner: postgres
--

CREATE TABLE public.auth_user_groups (
    id bigint NOT NULL,
    user_id integer NOT NULL,
    group_id integer NOT NULL
);


ALTER TABLE public.auth_user_groups OWNER TO postgres;

--
-- Name: auth_user_groups_id_seq; Type: SEQUENCE; Schema: public; Owner: postgres
--

ALTER TABLE public.auth_user_groups ALTER COLUMN id ADD GENERATED BY DEFAULT AS IDENTITY (
    SEQUENCE NAME public.auth_user_groups_id_seq
    START WITH 1
    INCREMENT BY 1
    NO MINVALUE
    NO MAXVALUE
    CACHE 1
);


--
-- Name: auth_user_id_seq; Type: SEQUENCE; Schema: public; Owner: postgres
--

ALTER TABLE public.auth_user ALTER COLUMN id ADD GENERATED BY DEFAULT AS IDENTITY (
    SEQUENCE NAME public.auth_user_id_seq
    START WITH 1
    INCREMENT BY 1
    NO MINVALUE
    NO MAXVALUE
    CACHE 1
);


--
-- Name: auth_user_user_permissions; Type: TABLE; Schema: public; Owner: postgres
--

CREATE TABLE public.auth_user_user_permissions (
    id bigint NOT NULL,
    user_id integer NOT NULL,
    permission_id integer NOT NULL
);


ALTER TABLE public.auth_user_user_permissions OWNER TO postgres;

--
-- Name: auth_user_user_permissions_id_seq; Type: SEQUENCE; Schema: public; Owner: postgres
--

ALTER TABLE public.auth_user_user_permissions ALTER COLUMN id ADD GENERATED BY DEFAULT AS IDENTITY (
    SEQUENCE NAME public.auth_user_user_permissions_id_seq
    START WITH 1
    INCREMENT BY 1
    NO MINVALUE
    NO MAXVALUE
    CACHE 1
);


--
-- Name: client; Type: TABLE; Schema: public; Owner: postgres
--

CREATE TABLE public.client (
    person_ptr_id bigint NOT NULL,
    address character varying(255),
    addition_information text
);


ALTER TABLE public.client OWNER TO postgres;

--
-- Name: comment; Type: TABLE; Schema: public; Owner: postgres
--

CREATE TABLE public.comment (
    id bigint NOT NULL,
    creation_datetime timestamp with time zone NOT NULL,
    update_datetime timestamp with time zone NOT NULL,
    flag boolean NOT NULL,
    rating smallint,
    text text,
    agent_id bigint,
    client_id bigint,
    order_id bigint,
    CONSTRAINT comment_rating_check CHECK ((rating >= 0))
);


ALTER TABLE public.comment OWNER TO postgres;

--
-- Name: comment_id_seq; Type: SEQUENCE; Schema: public; Owner: postgres
--

ALTER TABLE public.comment ALTER COLUMN id ADD GENERATED BY DEFAULT AS IDENTITY (
    SEQUENCE NAME public.comment_id_seq
    START WITH 1
    INCREMENT BY 1
    NO MINVALUE
    NO MAXVALUE
    CACHE 1
);


--
-- Name: comment_image; Type: TABLE; Schema: public; Owner: postgres
--

CREATE TABLE public.comment_image (
    id bigint NOT NULL,
    creation_datetime timestamp with time zone NOT NULL,
    update_datetime timestamp with time zone NOT NULL,
    flag boolean NOT NULL,
    image_object character varying(100),
    comment_id bigint
);


ALTER TABLE public.comment_image OWNER TO postgres;

--
-- Name: comment_images_id_seq; Type: SEQUENCE; Schema: public; Owner: postgres
--

ALTER TABLE public.comment_image ALTER COLUMN id ADD GENERATED BY DEFAULT AS IDENTITY (
    SEQUENCE NAME public.comment_images_id_seq
    START WITH 1
    INCREMENT BY 1
    NO MINVALUE
    NO MAXVALUE
    CACHE 1
);


--
-- Name: company; Type: TABLE; Schema: public; Owner: postgres
--

CREATE TABLE public.company (
    id bigint NOT NULL,
    creation_datetime timestamp with time zone NOT NULL,
    update_datetime timestamp with time zone NOT NULL,
    flag boolean NOT NULL,
    name character varying(255),
    description text,
    legal_address character varying(255),
    mail_address character varying(255),
    inn character varying(255),
    kpp character varying(255),
    ogrnip character varying(255),
    payment_account character varying(255),
    bank character varying(255),
    bik character varying(255),
    okpo character varying(255),
    contact_phone character varying(255),
    email character varying(254)
);


ALTER TABLE public.company OWNER TO postgres;

--
-- Name: company_id_seq; Type: SEQUENCE; Schema: public; Owner: postgres
--

ALTER TABLE public.company ALTER COLUMN id ADD GENERATED BY DEFAULT AS IDENTITY (
    SEQUENCE NAME public.company_id_seq
    START WITH 1
    INCREMENT BY 1
    NO MINVALUE
    NO MAXVALUE
    CACHE 1
);


--
-- Name: django_admin_log; Type: TABLE; Schema: public; Owner: postgres
--

CREATE TABLE public.django_admin_log (
    id integer NOT NULL,
    action_time timestamp with time zone NOT NULL,
    object_id text,
    object_repr character varying(200) NOT NULL,
    action_flag smallint NOT NULL,
    change_message text NOT NULL,
    content_type_id integer,
    user_id integer NOT NULL,
    CONSTRAINT django_admin_log_action_flag_check CHECK ((action_flag >= 0))
);


ALTER TABLE public.django_admin_log OWNER TO postgres;

--
-- Name: django_admin_log_id_seq; Type: SEQUENCE; Schema: public; Owner: postgres
--

ALTER TABLE public.django_admin_log ALTER COLUMN id ADD GENERATED BY DEFAULT AS IDENTITY (
    SEQUENCE NAME public.django_admin_log_id_seq
    START WITH 1
    INCREMENT BY 1
    NO MINVALUE
    NO MAXVALUE
    CACHE 1
);


--
-- Name: django_content_type; Type: TABLE; Schema: public; Owner: postgres
--

CREATE TABLE public.django_content_type (
    id integer NOT NULL,
    app_label character varying(100) NOT NULL,
    model character varying(100) NOT NULL
);


ALTER TABLE public.django_content_type OWNER TO postgres;

--
-- Name: django_content_type_id_seq; Type: SEQUENCE; Schema: public; Owner: postgres
--

ALTER TABLE public.django_content_type ALTER COLUMN id ADD GENERATED BY DEFAULT AS IDENTITY (
    SEQUENCE NAME public.django_content_type_id_seq
    START WITH 1
    INCREMENT BY 1
    NO MINVALUE
    NO MAXVALUE
    CACHE 1
);


--
-- Name: django_migrations; Type: TABLE; Schema: public; Owner: postgres
--

CREATE TABLE public.django_migrations (
    id bigint NOT NULL,
    app character varying(255) NOT NULL,
    name character varying(255) NOT NULL,
    applied timestamp with time zone NOT NULL
);


ALTER TABLE public.django_migrations OWNER TO postgres;

--
-- Name: django_migrations_id_seq; Type: SEQUENCE; Schema: public; Owner: postgres
--

ALTER TABLE public.django_migrations ALTER COLUMN id ADD GENERATED BY DEFAULT AS IDENTITY (
    SEQUENCE NAME public.django_migrations_id_seq
    START WITH 1
    INCREMENT BY 1
    NO MINVALUE
    NO MAXVALUE
    CACHE 1
);


--
-- Name: django_session; Type: TABLE; Schema: public; Owner: postgres
--

CREATE TABLE public.django_session (
    session_key character varying(40) NOT NULL,
    session_data text NOT NULL,
    expire_date timestamp with time zone NOT NULL
);


ALTER TABLE public.django_session OWNER TO postgres;

--
-- Name: education; Type: TABLE; Schema: public; Owner: postgres
--

CREATE TABLE public.education (
    id bigint NOT NULL,
    creation_datetime timestamp with time zone NOT NULL,
    update_datetime timestamp with time zone NOT NULL,
    flag boolean NOT NULL,
    period_start date,
    period_end date,
    document_check boolean,
    agent_id bigint,
    specialization_id bigint,
    university_id bigint
);


ALTER TABLE public.education OWNER TO postgres;

--
-- Name: education_id_seq; Type: SEQUENCE; Schema: public; Owner: postgres
--

ALTER TABLE public.education ALTER COLUMN id ADD GENERATED BY DEFAULT AS IDENTITY (
    SEQUENCE NAME public.education_id_seq
    START WITH 1
    INCREMENT BY 1
    NO MINVALUE
    NO MAXVALUE
    CACHE 1
);


--
-- Name: order; Type: TABLE; Schema: public; Owner: postgres
--

CREATE TABLE public."order" (
    id bigint NOT NULL,
    creation_datetime timestamp with time zone NOT NULL,
    update_datetime timestamp with time zone NOT NULL,
    flag boolean NOT NULL,
    name character varying(255),
    price numeric(10,2),
    deadline date,
    addition_information text,
    reminder_status boolean NOT NULL,
    control_flag boolean NOT NULL,
    product_id bigint,
    administrator_id bigint,
    agent_id bigint,
    client_id bigint,
    status_flag smallint,
    end_time date,
    start_time date,
    CONSTRAINT order_status_flag_check CHECK ((status_flag >= 0))
);


ALTER TABLE public."order" OWNER TO postgres;

--
-- Name: order_id_seq; Type: SEQUENCE; Schema: public; Owner: postgres
--

ALTER TABLE public."order" ALTER COLUMN id ADD GENERATED BY DEFAULT AS IDENTITY (
    SEQUENCE NAME public.order_id_seq
    START WITH 1
    INCREMENT BY 1
    NO MINVALUE
    NO MAXVALUE
    CACHE 1
);


--
-- Name: person; Type: TABLE; Schema: public; Owner: postgres
--

CREATE TABLE public.person (
    id bigint NOT NULL,
    creation_datetime timestamp with time zone NOT NULL,
    update_datetime timestamp with time zone NOT NULL,
    flag boolean NOT NULL,
    name character varying(20),
    surname character varying(20),
    patronymic character varying(20),
    date_of_birth date,
    phone_number character varying(12),
    telegram_chat_id character varying(255),
    telegram_id character varying(20),
    telegram_username character varying(20),
    telegram_name character varying(20),
    telegram_surname character varying(20),
    email character varying(254),
    background_image character varying(100),
    person_fio character varying(200)
);


ALTER TABLE public.person OWNER TO postgres;

--
-- Name: person_file; Type: TABLE; Schema: public; Owner: postgres
--

CREATE TABLE public.person_file (
    id bigint NOT NULL,
    creation_datetime timestamp with time zone NOT NULL,
    update_datetime timestamp with time zone NOT NULL,
    flag boolean NOT NULL,
    object_type character varying(100) NOT NULL,
    file_object character varying(100),
    person_id bigint
);


ALTER TABLE public.person_file OWNER TO postgres;

--
-- Name: person_files_id_seq; Type: SEQUENCE; Schema: public; Owner: postgres
--

ALTER TABLE public.person_file ALTER COLUMN id ADD GENERATED BY DEFAULT AS IDENTITY (
    SEQUENCE NAME public.person_files_id_seq
    START WITH 1
    INCREMENT BY 1
    NO MINVALUE
    NO MAXVALUE
    CACHE 1
);


--
-- Name: person_id_seq; Type: SEQUENCE; Schema: public; Owner: postgres
--

ALTER TABLE public.person ALTER COLUMN id ADD GENERATED BY DEFAULT AS IDENTITY (
    SEQUENCE NAME public.person_id_seq
    START WITH 1
    INCREMENT BY 1
    NO MINVALUE
    NO MAXVALUE
    CACHE 1
);


--
-- Name: person_image; Type: TABLE; Schema: public; Owner: postgres
--

CREATE TABLE public.person_image (
    id bigint NOT NULL,
    creation_datetime timestamp with time zone NOT NULL,
    update_datetime timestamp with time zone NOT NULL,
    flag boolean NOT NULL,
    image_object character varying(100),
    person_id bigint
);


ALTER TABLE public.person_image OWNER TO postgres;

--
-- Name: person_images_id_seq; Type: SEQUENCE; Schema: public; Owner: postgres
--

ALTER TABLE public.person_image ALTER COLUMN id ADD GENERATED BY DEFAULT AS IDENTITY (
    SEQUENCE NAME public.person_images_id_seq
    START WITH 1
    INCREMENT BY 1
    NO MINVALUE
    NO MAXVALUE
    CACHE 1
);


--
-- Name: person_role; Type: TABLE; Schema: public; Owner: postgres
--

CREATE TABLE public.person_role (
    id bigint NOT NULL,
    person_id bigint NOT NULL,
    role_id bigint NOT NULL
);


ALTER TABLE public.person_role OWNER TO postgres;

--
-- Name: person_role_id_seq; Type: SEQUENCE; Schema: public; Owner: postgres
--

ALTER TABLE public.person_role ALTER COLUMN id ADD GENERATED BY DEFAULT AS IDENTITY (
    SEQUENCE NAME public.person_role_id_seq
    START WITH 1
    INCREMENT BY 1
    NO MINVALUE
    NO MAXVALUE
    CACHE 1
);


--
-- Name: product; Type: TABLE; Schema: public; Owner: postgres
--

CREATE TABLE public.product (
    id bigint NOT NULL,
    creation_datetime timestamp with time zone NOT NULL,
    update_datetime timestamp with time zone NOT NULL,
    flag boolean NOT NULL,
    product_type smallint,
    addition_information text,
    product_image character varying(100),
    CONSTRAINT product_product_type_check CHECK ((product_type >= 0))
);


ALTER TABLE public.product OWNER TO postgres;

--
-- Name: product_id_seq; Type: SEQUENCE; Schema: public; Owner: postgres
--

ALTER TABLE public.product ALTER COLUMN id ADD GENERATED BY DEFAULT AS IDENTITY (
    SEQUENCE NAME public.product_id_seq
    START WITH 1
    INCREMENT BY 1
    NO MINVALUE
    NO MAXVALUE
    CACHE 1
);


--
-- Name: role; Type: TABLE; Schema: public; Owner: postgres
--

CREATE TABLE public.role (
    id bigint NOT NULL,
    creation_datetime timestamp with time zone NOT NULL,
    update_datetime timestamp with time zone NOT NULL,
    flag boolean NOT NULL,
    role_type character varying(50)
);


ALTER TABLE public.role OWNER TO postgres;

--
-- Name: role_id_seq; Type: SEQUENCE; Schema: public; Owner: postgres
--

ALTER TABLE public.role ALTER COLUMN id ADD GENERATED BY DEFAULT AS IDENTITY (
    SEQUENCE NAME public.role_id_seq
    START WITH 1
    INCREMENT BY 1
    NO MINVALUE
    NO MAXVALUE
    CACHE 1
);


--
-- Name: smeta; Type: TABLE; Schema: public; Owner: postgres
--

CREATE TABLE public.smeta (
    id bigint NOT NULL,
    creation_datetime timestamp with time zone NOT NULL,
    update_datetime timestamp with time zone NOT NULL,
    flag boolean NOT NULL,
    name character varying(20),
    smeta_type smallint,
    description text,
    name_work character varying(20),
    quantity character varying(20),
    unit character varying(10),
    cost integer,
    price integer,
    contract_id bigint,
    CONSTRAINT smeta_smeta_type_check CHECK ((smeta_type >= 0))
);


ALTER TABLE public.smeta OWNER TO postgres;

--
-- Name: smeta_id_seq; Type: SEQUENCE; Schema: public; Owner: postgres
--

ALTER TABLE public.smeta ALTER COLUMN id ADD GENERATED BY DEFAULT AS IDENTITY (
    SEQUENCE NAME public.smeta_id_seq
    START WITH 1
    INCREMENT BY 1
    NO MINVALUE
    NO MAXVALUE
    CACHE 1
);


--
-- Name: specialization; Type: TABLE; Schema: public; Owner: postgres
--

CREATE TABLE public.specialization (
    id bigint NOT NULL,
    creation_datetime timestamp with time zone NOT NULL,
    update_datetime timestamp with time zone NOT NULL,
    flag boolean NOT NULL,
    name character varying(50),
    specialization_description text
);


ALTER TABLE public.specialization OWNER TO postgres;

--
-- Name: specialization_id_seq; Type: SEQUENCE; Schema: public; Owner: postgres
--

ALTER TABLE public.specialization ALTER COLUMN id ADD GENERATED BY DEFAULT AS IDENTITY (
    SEQUENCE NAME public.specialization_id_seq
    START WITH 1
    INCREMENT BY 1
    NO MINVALUE
    NO MAXVALUE
    CACHE 1
);


--
-- Name: university; Type: TABLE; Schema: public; Owner: postgres
--

CREATE TABLE public.university (
    id bigint NOT NULL,
    creation_datetime timestamp with time zone NOT NULL,
    update_datetime timestamp with time zone NOT NULL,
    flag boolean NOT NULL,
    name character varying(70),
    university_description text
);


ALTER TABLE public.university OWNER TO postgres;

--
-- Name: university_id_seq; Type: SEQUENCE; Schema: public; Owner: postgres
--

ALTER TABLE public.university ALTER COLUMN id ADD GENERATED BY DEFAULT AS IDENTITY (
    SEQUENCE NAME public.university_id_seq
    START WITH 1
    INCREMENT BY 1
    NO MINVALUE
    NO MAXVALUE
    CACHE 1
);


--
-- Name: сontract; Type: TABLE; Schema: public; Owner: postgres
--

CREATE TABLE public."сontract" (
    id bigint NOT NULL,
    creation_datetime timestamp with time zone NOT NULL,
    update_datetime timestamp with time zone NOT NULL,
    flag boolean NOT NULL,
    name character varying(20),
    contract_number character varying(20),
    start_date date,
    end_date date,
    order_id bigint
);


ALTER TABLE public."сontract" OWNER TO postgres;

--
-- Name: сontract_id_seq; Type: SEQUENCE; Schema: public; Owner: postgres
--

ALTER TABLE public."сontract" ALTER COLUMN id ADD GENERATED BY DEFAULT AS IDENTITY (
    SEQUENCE NAME public."сontract_id_seq"
    START WITH 1
    INCREMENT BY 1
    NO MINVALUE
    NO MAXVALUE
    CACHE 1
);


--
-- Data for Name: Transactions; Type: TABLE DATA; Schema: public; Owner: postgres
--

COPY public."Transactions" (id, creation_datetime, update_datetime, flag, currency, total_amount, invoice_payload, provider_payment_charge_id, status, status_str, operation, masked_pan, bank_name, payment_way, expiry, payment_date, order_id) FROM stdin;
\.


--
-- Data for Name: administrator; Type: TABLE DATA; Schema: public; Owner: postgres
--

COPY public.administrator (person_ptr_id, whom_created, addition_information) FROM stdin;
1	SAm	dsdsd
\.


--
-- Data for Name: agent; Type: TABLE DATA; Schema: public; Owner: postgres
--

COPY public.agent (person_ptr_id, agent_description, education_description, work_experience, command_work, passport_check, contract_work, guarantee_period, services_prices, company_id) FROM stdin;
39				f	t	t			2
78	Здравствуйте! Рад приветствовать вас на своей странице! Работаю в сфере сантехники более 15 лет. Очень люблю свою работу, потому как очень часто приходится принимать новые решения. Так как технологии не стоят на месте. Буду рад вам помочь в установке, в замене, сантехники. К выполнению заказа, подхожу ответственно, стараюсь услышать пожелание заказчика. Даже если вы видите, что у вас не стандартная ситуация, и не знаете решение. Обращайтесь буду рад вам помочь.			\N	\N	\N			2
79				\N	\N	\N			36
42				\N	\N	\N			3
\.


--
-- Data for Name: agent_area; Type: TABLE DATA; Schema: public; Owner: postgres
--

COPY public.agent_area (id, agent_id, area_id) FROM stdin;
\.


--
-- Data for Name: agent_products; Type: TABLE DATA; Schema: public; Owner: postgres
--

COPY public.agent_products (id, agent_id, product_id) FROM stdin;
2	78	2
3	78	1
4	78	3
\.


--
-- Data for Name: area; Type: TABLE DATA; Schema: public; Owner: postgres
--

COPY public.area (id, creation_datetime, update_datetime, flag, area_name, city, region) FROM stdin;
\.


--
-- Data for Name: auth_group; Type: TABLE DATA; Schema: public; Owner: postgres
--

COPY public.auth_group (id, name) FROM stdin;
\.


--
-- Data for Name: auth_group_permissions; Type: TABLE DATA; Schema: public; Owner: postgres
--

COPY public.auth_group_permissions (id, group_id, permission_id) FROM stdin;
\.


--
-- Data for Name: auth_permission; Type: TABLE DATA; Schema: public; Owner: postgres
--

COPY public.auth_permission (id, name, content_type_id, codename) FROM stdin;
1	Can add log entry	1	add_logentry
2	Can change log entry	1	change_logentry
3	Can delete log entry	1	delete_logentry
4	Can view log entry	1	view_logentry
5	Can add permission	2	add_permission
6	Can change permission	2	change_permission
7	Can delete permission	2	delete_permission
8	Can view permission	2	view_permission
9	Can add group	3	add_group
10	Can change group	3	change_group
11	Can delete group	3	delete_group
12	Can view group	3	view_group
13	Can add user	4	add_user
14	Can change user	4	change_user
15	Can delete user	4	delete_user
16	Can view user	4	view_user
17	Can add content type	5	add_contenttype
18	Can change content type	5	change_contenttype
19	Can delete content type	5	delete_contenttype
20	Can view content type	5	view_contenttype
21	Can add session	6	add_session
22	Can change session	6	change_session
23	Can delete session	6	delete_session
24	Can view session	6	view_session
25	Can add area	7	add_area
26	Can change area	7	change_area
27	Can delete area	7	delete_area
28	Can view area	7	view_area
29	Can add contract	8	add_contract
30	Can change contract	8	change_contract
31	Can delete contract	8	delete_contract
32	Can view contract	8	view_contract
33	Can add file object	9	add_fileobject
34	Can change file object	9	change_fileobject
35	Can delete file object	9	delete_fileobject
36	Can view file object	9	view_fileobject
37	Can add image object	10	add_imageobject
38	Can change image object	10	change_imageobject
39	Can delete image object	10	delete_imageobject
40	Can view image object	10	view_imageobject
41	Can add Transaction	11	add_onlinetransaction
42	Can change Transaction	11	change_onlinetransaction
43	Can delete Transaction	11	delete_onlinetransaction
44	Can view Transaction	11	view_onlinetransaction
45	Can add order	12	add_order
46	Can change order	12	change_order
47	Can delete order	12	delete_order
48	Can view order	12	view_order
49	Can add person	13	add_person
50	Can change person	13	change_person
51	Can delete person	13	delete_person
52	Can view person	13	view_person
53	Can add product	14	add_product
54	Can change product	14	change_product
55	Can delete product	14	delete_product
56	Can view product	14	view_product
57	Can add role	15	add_role
58	Can change role	15	change_role
59	Can delete role	15	delete_role
60	Can view role	15	view_role
61	Can add administrator	16	add_administrator
62	Can change administrator	16	change_administrator
63	Can delete administrator	16	delete_administrator
64	Can view administrator	16	view_administrator
65	Can add agent	17	add_agent
66	Can change agent	17	change_agent
67	Can delete agent	17	delete_agent
68	Can view agent	17	view_agent
69	Can add client	18	add_client
70	Can change client	18	change_client
71	Can delete client	18	delete_client
72	Can view client	18	view_client
73	Can add smeta	19	add_smeta
74	Can change smeta	19	change_smeta
75	Can delete smeta	19	delete_smeta
76	Can view smeta	19	view_smeta
77	Can add company	20	add_company
78	Can change company	20	change_company
79	Can delete company	20	delete_company
80	Can view company	20	view_company
81	Can add price	21	add_price
82	Can change price	21	change_price
83	Can delete price	21	delete_price
84	Can view price	21	view_price
114	Can add specialization	54	add_specialization
115	Can change specialization	54	change_specialization
116	Can delete specialization	54	delete_specialization
117	Can view specialization	54	view_specialization
118	Can add university	55	add_university
119	Can change university	55	change_university
120	Can delete university	55	delete_university
121	Can view university	55	view_university
122	Can add education	56	add_education
123	Can change education	56	change_education
124	Can delete education	56	delete_education
125	Can view education	56	view_education
126	Can add comment	57	add_comment
127	Can change comment	57	change_comment
128	Can delete comment	57	delete_comment
129	Can view comment	57	view_comment
130	Can add comment images	58	add_commentimages
131	Can change comment images	58	change_commentimages
132	Can delete comment images	58	delete_commentimages
133	Can view comment images	58	view_commentimages
134	Can add person files	59	add_personfiles
135	Can change person files	59	change_personfiles
136	Can delete person files	59	delete_personfiles
137	Can view person files	59	view_personfiles
138	Can add person images	60	add_personimages
139	Can change person images	60	change_personimages
140	Can delete person images	60	delete_personimages
141	Can view person images	60	view_personimages
\.


--
-- Data for Name: auth_user; Type: TABLE DATA; Schema: public; Owner: postgres
--

COPY public.auth_user (id, password, last_login, is_superuser, username, first_name, last_name, email, is_staff, is_active, date_joined) FROM stdin;
1	pbkdf2_sha256$390000$dPEu2RVTlXcxLna6cEbuzi$KgHFulPXlrBueCVdUH1Huw1fQSvd2FPVbFiQtjdlgBE=	2023-10-06 15:59:56.114184+00	t	admin			admin@admin.com	t	t	2023-08-03 10:49:31.44037+00
\.


--
-- Data for Name: auth_user_groups; Type: TABLE DATA; Schema: public; Owner: postgres
--

COPY public.auth_user_groups (id, user_id, group_id) FROM stdin;
\.


--
-- Data for Name: auth_user_user_permissions; Type: TABLE DATA; Schema: public; Owner: postgres
--

COPY public.auth_user_user_permissions (id, user_id, permission_id) FROM stdin;
\.


--
-- Data for Name: client; Type: TABLE DATA; Schema: public; Owner: postgres
--

COPY public.client (person_ptr_id, address, addition_information) FROM stdin;
4	г. Орел, Матросова	топ
\.


--
-- Data for Name: comment; Type: TABLE DATA; Schema: public; Owner: postgres
--

COPY public.comment (id, creation_datetime, update_datetime, flag, rating, text, agent_id, client_id, order_id) FROM stdin;
1	2023-10-06 16:21:31.602219+00	2023-10-06 16:21:31.602244+00	t	5	Отлично сделал, респект, обращусь еще.	78	4	197
2	2023-10-06 16:22:00.304874+00	2023-10-06 16:22:00.304891+00	t	4	Ну мог и лушче, в прошлый раз получилось лучше	78	4	198
34	2023-10-18 15:51:10.394039+00	2023-10-18 15:51:10.394068+00	t	5	Все понравилось	78	4	3
40	2023-10-18 16:07:29.711018+00	2023-10-18 16:07:29.711036+00	t	5	Все понравилось	78	4	3
41	2023-10-18 16:09:30.703609+00	2023-10-18 16:09:30.703628+00	t	4	Пойдет	78	4	3
42	2023-10-19 10:27:02.532848+00	2023-10-19 10:27:02.532894+00	t	5	Все понравилось	78	4	3
43	2023-10-19 10:57:58.240816+00	2023-10-19 10:57:58.240852+00	t	5	Все понравилось	78	4	1
44	2023-10-19 10:58:10.31832+00	2023-10-19 10:58:10.318339+00	t	5	Все понравилось	78	4	198
76	2023-10-19 15:41:49.951192+00	2023-10-19 15:41:49.951226+00	t	5	Все понравилось	78	4	3
\.


--
-- Data for Name: comment_image; Type: TABLE DATA; Schema: public; Owner: postgres
--

COPY public.comment_image (id, creation_datetime, update_datetime, flag, image_object, comment_id) FROM stdin;
4	2023-10-08 08:30:22.516544+00	2023-10-08 08:30:22.516564+00	t	postgres_data/objects/comments/images/comment1_I8wfiqk.jpg	1
5	2023-10-08 08:30:34.37711+00	2023-10-08 08:30:34.377127+00	t	postgres_data/objects/comments/images/comment2.jpg	1
6	2023-10-08 08:30:48.723047+00	2023-10-08 08:30:48.723075+00	t	postgres_data/objects/comments/images/comment3.jpg	1
7	2023-10-08 08:31:04.000264+00	2023-10-08 08:31:04.000281+00	t	postgres_data/objects/comments/images/comment4.jpg	2
11	2023-10-18 16:07:29.714731+00	2023-10-18 16:07:29.714761+00	t	/postgres_data/objects/comments/images/AQADr9UxG0sngEl9.jpg	40
12	2023-10-18 16:07:29.717351+00	2023-10-18 16:07:29.717387+00	t	/postgres_data/objects/comments/images/AQADsNUxG0sngEl-.jpg	40
13	2023-10-18 16:09:30.706153+00	2023-10-18 16:09:30.706176+00	t	/postgres_data/objects/comments/images/AQADv9UxG0sngEl-.jpg	41
14	2023-10-18 16:09:30.708401+00	2023-10-18 16:09:30.708584+00	t	/postgres_data/objects/comments/images/AQADvtUxG0sngEl-.jpg	41
15	2023-10-19 10:27:02.556217+00	2023-10-19 10:27:02.556262+00	t	/postgres_data/objects/comments/images/AQADDM0xG-8UiEl-.jpg	42
16	2023-10-19 10:27:02.566945+00	2023-10-19 10:27:02.566966+00	t	/postgres_data/objects/comments/images/AQADDs0xG-8UiEl-.jpg	42
17	2023-10-19 10:27:02.568188+00	2023-10-19 10:27:02.568212+00	t	/postgres_data/objects/comments/images/AQADDc0xG-8UiEl-.jpg	42
18	2023-10-19 10:57:58.243802+00	2023-10-19 10:57:58.243829+00	t	/postgres_data/objects/comments/images/AQADDs0xG-8UiEl-.jpg	43
19	2023-10-19 10:57:58.246214+00	2023-10-19 10:57:58.246253+00	t	/postgres_data/objects/comments/images/AQADDc0xG-8UiEl-.jpg	43
51	2023-10-19 15:41:49.962962+00	2023-10-19 15:41:49.962992+00	t	/postgres_data/objects/comments/images/AQADrNUxG0sngEl-.jpg	76
52	2023-10-19 15:41:49.968202+00	2023-10-19 15:41:49.968224+00	t	/postgres_data/objects/comments/images/AQADDc0xG-8UiEl-.jpg	76
\.


--
-- Data for Name: company; Type: TABLE DATA; Schema: public; Owner: postgres
--

COPY public.company (id, creation_datetime, update_datetime, flag, name, description, legal_address, mail_address, inn, kpp, ogrnip, payment_account, bank, bik, okpo, contact_phone, email) FROM stdin;
3	2023-08-19 11:44:22.436036+00	2023-08-19 11:44:22.436059+00	t	2222	string	string	string	string	string	string	string	string	string	string	string	user@example.com
2	2023-08-18 16:04:51.529234+00	2023-08-18 16:04:51.529257+00	t	ООО "Первая компания"	ООО "Первая компания" описание	г. Орел	г. Орел	57555555555	57555555555	57555555555	57555555555	ВТБ	11111	111111	12345677	
36	2023-10-11 15:24:58.493386+00	2023-10-11 15:24:58.493403+00	t	ИП		\N	\N	\N	\N	\N	\N	\N	\N	\N	\N	\N
\.


--
-- Data for Name: django_admin_log; Type: TABLE DATA; Schema: public; Owner: postgres
--

COPY public.django_admin_log (id, action_time, object_id, object_repr, action_flag, change_message, content_type_id, user_id) FROM stdin;
1	2023-08-06 07:57:59.242224+00	1	Главный администратор	1	[{"added": {}}]	15	1
2	2023-08-06 07:58:12.946666+00	1	head_admin	1	[{"added": {}}]	16	1
3	2023-08-06 08:00:46.783451+00	2	Обычный клиент	1	[{"added": {}}]	15	1
36	2023-08-06 08:20:12.869736+00	35	Обычный агент	1	[{"added": {}}]	15	1
37	2023-08-06 08:28:32.891464+00	2	229995755	2	[{"changed": {"fields": ["\\u0420\\u043e\\u043b\\u0438"]}}]	18	1
38	2023-08-06 08:30:38.262337+00	2	229995755	2	[{"changed": {"fields": ["\\u0420\\u043e\\u043b\\u0438"]}}]	18	1
39	2023-08-15 15:25:06.675497+00	2	Person object (2)	2	[{"changed": {"fields": ["\\u0424\\u0430\\u043c\\u0438\\u043b\\u0438\\u044f", "\\u041e\\u0442\\u0447\\u0435\\u0441\\u0442\\u0432\\u043e", "\\u0424\\u0418\\u041e", "\\u041d\\u043e\\u043c\\u0435\\u0440 \\u0442\\u0435\\u043b\\u0435\\u0444\\u043e\\u043d\\u0430", "ID \\u0427\\u0430\\u0442\\u0430", "\\u0418\\u043c\\u044f \\u043f\\u043e\\u043b\\u044c\\u0437\\u043e\\u0432\\u0430\\u0442\\u0435\\u043b\\u044f", "ID \\u0422\\u0435\\u043b\\u0435\\u0433\\u0440\\u0430\\u043c\\u043c", "\\u041f\\u043e\\u043b\\u044c\\u0437\\u043e\\u0432\\u0430\\u0442\\u0435\\u043b\\u044c \\u0422\\u0435\\u043b\\u0435\\u0433\\u0440\\u0430\\u043c\\u043c", "\\u0418\\u043c\\u044f \\u043f\\u043e\\u043b\\u044c\\u0437\\u043e\\u0432\\u0430\\u0442\\u0435\\u043b\\u044f \\u0422\\u0435\\u043b\\u0435\\u0433\\u0440\\u0430\\u043c\\u043c", "\\u0424\\u0430\\u043c\\u0438\\u043b\\u0438\\u044f \\u043f\\u043e\\u043b\\u044c\\u0437\\u043e\\u0432\\u0430\\u0442\\u0435\\u043b\\u044f \\u0422\\u0435\\u043b\\u0435\\u0433\\u0440\\u0430\\u043c\\u043c"]}}]	13	1
40	2023-08-15 15:55:24.860723+00	2	Person object (2)	2	[{"changed": {"fields": ["ID \\u0422\\u0435\\u043b\\u0435\\u0433\\u0440\\u0430\\u043c\\u043c"]}}]	13	1
41	2023-08-15 16:04:31.568321+00	2	Person object (2)	2	[{"changed": {"fields": ["ID \\u0422\\u0435\\u043b\\u0435\\u0433\\u0440\\u0430\\u043c\\u043c"]}}]	13	1
74	2023-08-15 16:18:05.169333+00	4	Person object (4)	2	[{"changed": {"fields": ["\\u041f\\u043e\\u043b\\u044c\\u0437\\u043e\\u0432\\u0430\\u0442\\u0435\\u043b\\u044c \\u0422\\u0435\\u043b\\u0435\\u0433\\u0440\\u0430\\u043c\\u043c"]}}]	13	1
107	2023-08-16 15:20:03.439978+00	4	Person object (4)	2	[{"changed": {"fields": ["\\u041f\\u043e\\u043b\\u044c\\u0437\\u043e\\u0432\\u0430\\u0442\\u0435\\u043b\\u044c \\u0422\\u0435\\u043b\\u0435\\u0433\\u0440\\u0430\\u043c\\u043c"]}}]	13	1
140	2023-08-16 15:21:03.675028+00	4	Person object (4)	2	[{"changed": {"fields": ["\\u041f\\u043e\\u043b\\u044c\\u0437\\u043e\\u0432\\u0430\\u0442\\u0435\\u043b\\u044c \\u0422\\u0435\\u043b\\u0435\\u0433\\u0440\\u0430\\u043c\\u043c"]}}]	13	1
141	2023-08-16 15:33:03.743961+00	4	Person object (4)	2	[{"changed": {"fields": ["\\u041f\\u043e\\u043b\\u044c\\u0437\\u043e\\u0432\\u0430\\u0442\\u0435\\u043b\\u044c \\u0422\\u0435\\u043b\\u0435\\u0433\\u0440\\u0430\\u043c\\u043c"]}}]	13	1
142	2023-08-18 16:04:51.533289+00	2	Первая компания	1	[{"added": {}}]	20	1
143	2023-08-18 16:06:35.821933+00	37	agent	1	[{"added": {}}]	17	1
144	2023-08-18 16:07:44.147797+00	4	Person object (4)	2	[{"changed": {"fields": ["ID \\u0427\\u0430\\u0442\\u0430", "ID \\u0422\\u0435\\u043b\\u0435\\u0433\\u0440\\u0430\\u043c\\u043c"]}}]	13	1
145	2023-08-18 16:07:50.90887+00	37	Person object (37)	2	[{"changed": {"fields": ["ID \\u0422\\u0435\\u043b\\u0435\\u0433\\u0440\\u0430\\u043c\\u043c"]}}]	13	1
146	2023-08-19 07:52:17.056551+00	36	Управляющий организации	1	[{"added": {}}]	15	1
147	2023-08-19 07:52:21.355468+00	37	Person object (37)	2	[{"changed": {"fields": ["\\u0420\\u043e\\u043b\\u0438"]}}]	13	1
148	2023-08-19 07:59:04.352459+00	35	Агент	2	[{"changed": {"fields": ["\\u0420\\u043e\\u043b\\u044c"]}}]	15	1
149	2023-08-19 11:44:15.940935+00	2	Первая компания	2	[]	20	1
150	2023-08-19 11:44:22.442429+00	3	111	1	[{"added": {}}]	20	1
182	2023-08-19 13:45:31.000594+00	37	agent	2	[{"changed": {"fields": ["\\u0420\\u043e\\u043b\\u0438"]}}]	17	1
183	2023-08-19 13:45:55.314155+00	37	agent	2	[{"changed": {"fields": ["\\u0420\\u043e\\u043b\\u0438"]}}]	17	1
184	2023-08-19 13:48:28.696381+00	37	agent	2	[{"changed": {"fields": ["\\u0420\\u043e\\u043b\\u0438"]}}]	17	1
185	2023-08-19 13:49:00.097706+00	37	agent	2	[{"changed": {"fields": ["\\u0420\\u043e\\u043b\\u0438"]}}]	17	1
186	2023-08-19 13:50:35.823611+00	37	agent	2	[{"changed": {"fields": ["\\u0420\\u043e\\u043b\\u0438"]}}]	17	1
187	2023-08-19 14:20:27.175983+00	37	agent	2	[{"changed": {"fields": ["\\u0420\\u043e\\u043b\\u0438"]}}]	17	1
188	2023-08-19 14:22:36.357767+00	37	agent	2	[{"changed": {"fields": ["\\u0420\\u043e\\u043b\\u0438"]}}]	17	1
221	2023-08-19 18:46:15.975605+00	1	Занимаюсь черновым ремонтом квартир	1	[{"added": {}}]	14	1
222	2023-08-19 18:46:25.022383+00	37	agent	2	[{"changed": {"fields": ["\\u0423\\u0441\\u043b\\u0443\\u0433\\u0438"]}}]	17	1
223	2023-08-19 18:48:54.780958+00	1	Первая заявка	1	[{"added": {}}]	12	1
224	2023-08-19 18:50:21.159983+00	2	Вторая заявка	1	[{"added": {}}]	12	1
225	2023-08-19 18:51:00.363866+00	1	Contract object (1)	1	[{"added": {}}]	8	1
226	2023-08-19 18:51:23.319442+00	2	Contract object (2)	1	[{"added": {}}]	8	1
227	2023-08-23 16:10:24.925903+00	2	Вторая заявка	2	[{"changed": {"fields": ["\\u0424\\u043b\\u0430\\u0433 \\u043d\\u043e\\u0432\\u0438\\u0437\\u043d\\u044b"]}}]	12	1
228	2023-08-24 11:00:31.744537+00	3	Третья	1	[{"added": {}}]	12	1
229	2023-08-24 16:21:06.770106+00	4	Четвертая	1	[{"added": {}}]	12	1
230	2023-08-24 16:45:08.684657+00	5	Пятая	1	[{"added": {}}]	12	1
231	2023-08-24 16:45:22.676619+00	4	Четвертая	2	[{"changed": {"fields": ["\\u0421\\u0440\\u043e\\u043a \\u043d\\u0430\\u0447\\u0430\\u043b\\u0430 \\u0440\\u0430\\u0431\\u043e\\u0442\\u044b"]}}]	12	1
232	2023-08-24 16:45:35.265062+00	3	Третья	2	[{"changed": {"fields": ["\\u0421\\u0440\\u043e\\u043a \\u043d\\u0430\\u0447\\u0430\\u043b\\u0430 \\u0440\\u0430\\u0431\\u043e\\u0442\\u044b", "\\u0421\\u0440\\u043e\\u043a \\u043a\\u043e\\u043d\\u0446\\u0430 \\u0440\\u0430\\u0431\\u043e\\u0442\\u044b"]}}]	12	1
233	2023-08-27 12:31:11.469273+00	5	Пятая	2	[{"changed": {"fields": ["\\u041a\\u043b\\u0438\\u0435\\u043d\\u0442"]}}]	12	1
234	2023-08-27 12:31:15.965473+00	4	Четвертая	2	[{"changed": {"fields": ["\\u041a\\u043b\\u0438\\u0435\\u043d\\u0442"]}}]	12	1
235	2023-08-27 12:31:25.998881+00	3	Третья	2	[{"changed": {"fields": ["\\u041a\\u043b\\u0438\\u0435\\u043d\\u0442"]}}]	12	1
236	2023-08-27 12:31:29.71192+00	2	Вторая заявка	2	[]	12	1
237	2023-08-27 12:31:50.764076+00	2	2299957551111	2	[{"changed": {"fields": ["\\u0420\\u043e\\u043b\\u0438"]}}]	18	1
238	2023-08-27 12:44:14.11773+00	3	10748299281	2	[{"changed": {"fields": ["ID \\u0427\\u0430\\u0442\\u0430", "ID \\u0422\\u0435\\u043b\\u0435\\u0433\\u0440\\u0430\\u043c\\u043c"]}}]	18	1
239	2023-08-27 12:45:40.592703+00	37	agent	2	[{"changed": {"fields": ["ID \\u0422\\u0435\\u043b\\u0435\\u0433\\u0440\\u0430\\u043c\\u043c"]}}]	17	1
240	2023-08-27 14:41:06.709215+00	37	agent	2	[{"changed": {"fields": ["ID \\u0422\\u0435\\u043b\\u0435\\u0433\\u0440\\u0430\\u043c\\u043c"]}}]	17	1
241	2023-08-27 14:41:40.480457+00	37	agent	2	[{"changed": {"fields": ["ID \\u0427\\u0430\\u0442\\u0430"]}}]	17	1
242	2023-08-27 14:41:54.433316+00	4	229995751	2	[{"changed": {"fields": ["ID \\u0427\\u0430\\u0442\\u0430", "ID \\u0422\\u0435\\u043b\\u0435\\u0433\\u0440\\u0430\\u043c\\u043c", "\\u0420\\u043e\\u043b\\u0438"]}}]	18	1
243	2023-08-27 14:42:27.479196+00	37	agent	2	[]	17	1
244	2023-08-28 14:56:59.569876+00	37	agent	2	[{"changed": {"fields": ["ID \\u0427\\u0430\\u0442\\u0430", "ID \\u0422\\u0435\\u043b\\u0435\\u0433\\u0440\\u0430\\u043c\\u043c"]}}]	17	1
245	2023-08-28 14:57:34.899162+00	37	agent	2	[{"changed": {"fields": ["ID \\u0427\\u0430\\u0442\\u0430", "ID \\u0422\\u0435\\u043b\\u0435\\u0433\\u0440\\u0430\\u043c\\u043c"]}}]	17	1
246	2023-08-28 14:58:06.610997+00	37	agent	2	[]	17	1
247	2023-08-28 15:01:53.917096+00	38	2299957552	2	[{"changed": {"fields": ["ID \\u0427\\u0430\\u0442\\u0430", "ID \\u0422\\u0435\\u043b\\u0435\\u0433\\u0440\\u0430\\u043c\\u043c"]}}]	18	1
280	2023-09-06 15:27:25.557243+00	39	TeoProg	1	[{"added": {}}]	17	1
281	2023-09-06 15:29:46.206767+00	37	agent	2	[{"changed": {"fields": ["ID \\u0427\\u0430\\u0442\\u0430", "ID \\u0422\\u0435\\u043b\\u0435\\u0433\\u0440\\u0430\\u043c\\u043c", "\\u041f\\u043e\\u043b\\u044c\\u0437\\u043e\\u0432\\u0430\\u0442\\u0435\\u043b\\u044c \\u0422\\u0435\\u043b\\u0435\\u0433\\u0440\\u0430\\u043c\\u043c"]}}]	17	1
282	2023-09-06 15:34:26.377647+00	42	kurpatov_y	1	[{"added": {}}]	17	1
283	2023-09-06 15:41:34.910304+00	38	2299957552	3		18	1
316	2023-09-06 15:47:23.647285+00	37	Клиент	1	[{"added": {}}]	15	1
317	2023-09-06 15:47:35.488663+00	43	229995755	3		18	1
349	2023-09-06 15:48:56.760456+00	44	229995755	3		18	1
382	2023-09-06 15:53:18.468876+00	42	kurpatov_y4	2	[{"changed": {"fields": ["ID \\u0427\\u0430\\u0442\\u0430", "ID \\u0422\\u0435\\u043b\\u0435\\u0433\\u0440\\u0430\\u043c\\u043c", "Username \\u0430\\u043a\\u043a\\u0430\\u0443\\u043d\\u0442\\u0430 \\u0422\\u0435\\u043b\\u0435\\u0433\\u0440\\u0430\\u043c\\u043c"]}}]	17	1
383	2023-09-06 15:53:27.490075+00	37	kurpatov_y	2	[{"changed": {"fields": ["ID \\u0427\\u0430\\u0442\\u0430", "ID \\u0422\\u0435\\u043b\\u0435\\u0433\\u0440\\u0430\\u043c\\u043c", "Username \\u0430\\u043a\\u043a\\u0430\\u0443\\u043d\\u0442\\u0430 \\u0422\\u0435\\u043b\\u0435\\u0433\\u0440\\u0430\\u043c\\u043c"]}}]	17	1
384	2023-09-19 09:29:09.226004+00	77	mark_kurp	1	[{"added": {}}]	17	1
385	2023-09-19 09:30:07.343653+00	77	mark_kurp	3		17	1
386	2023-09-19 09:30:45.562061+00	78	mark_kurp	1	[{"added": {}}]	17	1
387	2023-09-19 09:57:46.648555+00	2	Ремонт от второго аккаунта	1	[{"added": {}}]	14	1
388	2023-09-19 10:31:50.213296+00	6	Первая онлайн	3		12	1
389	2023-09-19 10:41:05.803038+00	7	Первая онлайн	3		12	1
390	2023-09-19 10:41:57.081058+00	40	Первая онлайн	3		12	1
422	2023-09-19 10:43:39.772379+00	4	kurpatov_y	2	[{"changed": {"fields": ["\\u0420\\u043e\\u043b\\u0438"]}}]	18	1
423	2023-09-19 10:43:55.114849+00	2	kurpatov_y	3		13	1
424	2023-09-19 10:44:11.371388+00	4	kurpatov_y	2	[]	13	1
425	2023-09-19 10:44:21.551041+00	73	Первая онлайн	3		12	1
426	2023-09-20 10:47:42.905258+00	78	mark_kurp	2	[{"changed": {"fields": ["\\u0423\\u0441\\u043b\\u0443\\u0433\\u0438"]}}]	17	1
427	2023-09-20 12:52:55.957019+00	78	mark_kurp	2	[]	17	1
428	2023-09-20 12:55:12.514115+00	1	Price object (1)	1	[{"added": {}}]	21	1
429	2023-09-20 12:55:39.529084+00	78	mark_kurp	2	[{"changed": {"fields": ["\\u0423\\u0441\\u043b\\u0443\\u0433\\u0438"]}}]	17	1
430	2023-09-20 12:55:48.70098+00	2	Price object (2)	1	[{"added": {}}]	21	1
431	2023-09-20 15:05:32.008809+00	78	mark_kurp	2	[{"changed": {"fields": ["\\u0424\\u0418\\u041e"]}}]	17	1
432	2023-09-20 15:05:44.539468+00	42	kurpatov_y4	2	[{"changed": {"fields": ["\\u0418\\u043c\\u044f", "\\u0424\\u0430\\u043c\\u0438\\u043b\\u0438\\u044f"]}}]	17	1
433	2023-09-20 15:05:58.54203+00	39	TeoProg	2	[{"changed": {"fields": ["\\u0418\\u043c\\u044f"]}}]	17	1
434	2023-09-20 15:31:32.920247+00	78	mark_kurp	2	[{"changed": {"fields": ["\\u041a\\u043e\\u043c\\u043f\\u0430\\u043d\\u0438\\u044f"]}}]	17	1
435	2023-09-20 16:19:35.28068+00	42	kurpatov_y4	2	[{"changed": {"fields": ["\\u041e\\u0442\\u0447\\u0435\\u0441\\u0442\\u0432\\u043e"]}}]	17	1
436	2023-09-20 16:20:41.084872+00	42	kurpatov_y4	2	[{"changed": {"fields": ["\\u041e\\u0442\\u0447\\u0435\\u0441\\u0442\\u0432\\u043e"]}}]	17	1
437	2023-09-20 16:50:01.099394+00	39	TeoProg	2	[{"changed": {"fields": ["\\u041a\\u043e\\u043c\\u043f\\u0430\\u043d\\u0438\\u044f"]}}]	17	1
438	2023-09-20 16:50:16.614661+00	42	kurpatov_y4	2	[{"changed": {"fields": ["\\u041a\\u043e\\u043c\\u043f\\u0430\\u043d\\u0438\\u044f"]}}]	17	1
439	2023-09-20 16:50:26.234325+00	78	mark_kurp	2	[{"changed": {"fields": ["\\u041a\\u043e\\u043c\\u043f\\u0430\\u043d\\u0438\\u044f"]}}]	17	1
440	2023-09-20 16:51:20.85375+00	39	TeoProg	2	[{"changed": {"fields": ["\\u0420\\u0430\\u0431\\u043e\\u0442\\u0430 \\u0432 \\u043a\\u043e\\u043c\\u0430\\u043d\\u0434\\u0435", "\\u041f\\u0440\\u043e\\u0432\\u0435\\u0440\\u043a\\u0430 \\u043f\\u0430\\u0441\\u043f\\u043e\\u0440\\u0442\\u0430", "\\u0420\\u0430\\u0431\\u043e\\u0442\\u0430 \\u043f\\u043e \\u0434\\u043e\\u0433\\u043e\\u0432\\u043e\\u0440\\u0443"]}}]	17	1
441	2023-09-21 10:27:59.754461+00	3	Ремонт стиральной машинки	1	[{"added": {}}]	14	1
442	2023-09-21 10:28:12.221738+00	78	mark_kurp	2	[{"changed": {"fields": ["\\u0423\\u0441\\u043b\\u0443\\u0433\\u0438"]}}]	17	1
443	2023-09-21 10:28:24.074848+00	3	Price object (3)	1	[{"added": {}}]	21	1
444	2023-09-21 10:29:48.892518+00	78	mark_kurp	2	[{"changed": {"fields": ["\\u041e\\u043f\\u0438\\u0441\\u0430\\u043d\\u0438\\u0435 \\u0430\\u0433\\u0435\\u043d\\u0442\\u0430"]}}]	17	1
445	2023-09-21 10:53:03.502631+00	78	mark_kurp	2	[{"changed": {"fields": ["\\u0420\\u043e\\u043b\\u0438", "\\u041a\\u043e\\u043c\\u043f\\u0430\\u043d\\u0438\\u044f"]}}]	17	1
446	2023-09-28 09:20:03.119574+00	1	Первая заявка	2	[{"changed": {"fields": ["\\u041a\\u043b\\u0438\\u0435\\u043d\\u0442"]}}]	12	1
447	2023-09-28 09:20:07.758521+00	2	Вторая заявка	2	[{"changed": {"fields": ["\\u041a\\u043b\\u0438\\u0435\\u043d\\u0442"]}}]	12	1
448	2023-09-28 09:20:12.171862+00	3	Третья	2	[{"changed": {"fields": ["\\u041a\\u043b\\u0438\\u0435\\u043d\\u0442"]}}]	12	1
449	2023-09-28 09:20:16.663857+00	4	Четвертая	2	[{"changed": {"fields": ["\\u041a\\u043b\\u0438\\u0435\\u043d\\u0442"]}}]	12	1
450	2023-09-28 09:20:21.278569+00	5	Пятая	2	[{"changed": {"fields": ["\\u041a\\u043b\\u0438\\u0435\\u043d\\u0442"]}}]	12	1
451	2023-09-28 09:20:26.927248+00	5	Пятая	2	[]	12	1
452	2023-09-28 09:20:31.254723+00	197	Первый	2	[]	12	1
453	2023-09-28 09:20:35.856694+00	198	Вторая машинка	2	[]	12	1
454	2023-09-28 09:21:10.715897+00	198	Вторая машинка	2	[]	12	1
455	2023-09-29 13:04:48.769818+00	1	University object (1)	1	[{"added": {}}]	55	1
456	2023-09-29 13:06:32.535945+00	1	Сантехника	1	[{"added": {}}]	54	1
457	2023-09-29 13:10:02.73601+00	2	mark_kurp	1	[{"added": {}}]	56	1
458	2023-09-29 13:14:31.044768+00	2	Машиностроение	1	[{"added": {}}]	54	1
491	2023-09-29 13:18:20.243178+00	3	mark_kurp_МГУ им. Ломоносова_Машиностроение	1	[{"added": {}}]	56	1
492	2023-09-29 13:18:42.532922+00	4	kurpatov_y4_МГУ им. Ломоносова_Сантехника	1	[{"added": {}}]	56	1
493	2023-10-06 16:21:31.604706+00	1	Comment by 78 on 4 for 197	1	[{"added": {}}]	57	1
494	2023-10-06 16:22:00.30691+00	2	Comment by 78 on 4 for 198	1	[{"added": {}}]	57	1
526	2023-10-08 08:30:23.744075+00	4	CommentImages object (4)	1	[{"added": {}}]	58	1
527	2023-10-08 08:30:34.408654+00	5	CommentImages object (5)	1	[{"added": {}}]	58	1
528	2023-10-08 08:30:48.765244+00	6	CommentImages object (6)	1	[{"added": {}}]	58	1
529	2023-10-08 08:31:04.022321+00	7	CommentImages object (7)	1	[{"added": {}}]	58	1
530	2023-10-11 15:24:58.499322+00	36	ИП	1	[{"added": {}}]	20	1
531	2023-10-11 15:25:01.965962+00	79	stroy_consult	1	[{"added": {}}]	17	1
532	2023-10-11 15:37:30.553523+00	79	stroy_consult	2	[{"changed": {"fields": ["ID \\u0427\\u0430\\u0442\\u0430", "ID \\u0422\\u0435\\u043b\\u0435\\u0433\\u0440\\u0430\\u043c\\u043c"]}}]	17	1
533	2023-10-11 16:12:27.703323+00	37	kurpatov_y	3		17	1
534	2023-10-11 16:17:14.421106+00	231	Заявка у Феди	1	[{"added": {}}]	12	1
535	2023-10-11 16:18:43.383605+00	1	Первая заявка	2	[{"changed": {"fields": ["\\u0410\\u0433\\u0435\\u043d\\u0442"]}}]	12	1
536	2023-10-11 16:18:50.93502+00	2	Вторая заявка	2	[{"changed": {"fields": ["\\u0410\\u0433\\u0435\\u043d\\u0442"]}}]	12	1
537	2023-10-11 16:18:56.899736+00	3	Третья	2	[{"changed": {"fields": ["\\u0410\\u0433\\u0435\\u043d\\u0442"]}}]	12	1
538	2023-10-11 16:19:04.083033+00	4	Четвертая	2	[{"changed": {"fields": ["\\u0410\\u0433\\u0435\\u043d\\u0442"]}}]	12	1
539	2023-10-11 16:19:11.754026+00	5	Пятая	2	[{"changed": {"fields": ["\\u0410\\u0433\\u0435\\u043d\\u0442"]}}]	12	1
540	2023-10-11 16:32:10.82461+00	42	22999575534	2	[{"changed": {"fields": ["Username \\u0430\\u043a\\u043a\\u0430\\u0443\\u043d\\u0442\\u0430 \\u0422\\u0435\\u043b\\u0435\\u0433\\u0440\\u0430\\u043c\\u043c", "\\u0418\\u043c\\u044f \\u043f\\u043e\\u043b\\u044c\\u0437\\u043e\\u0432\\u0430\\u0442\\u0435\\u043b\\u044f \\u0422\\u0435\\u043b\\u0435\\u0433\\u0440\\u0430\\u043c\\u043c"]}}]	17	1
541	2023-10-11 16:32:27.095613+00	42	kurpatov_y4	2	[{"changed": {"fields": ["Username \\u0430\\u043a\\u043a\\u0430\\u0443\\u043d\\u0442\\u0430 \\u0422\\u0435\\u043b\\u0435\\u0433\\u0440\\u0430\\u043c\\u043c"]}}]	17	1
542	2023-10-11 16:32:36.633398+00	42	22999575534	2	[{"changed": {"fields": ["Username \\u0430\\u043a\\u043a\\u0430\\u0443\\u043d\\u0442\\u0430 \\u0422\\u0435\\u043b\\u0435\\u0433\\u0440\\u0430\\u043c\\u043c"]}}]	17	1
543	2023-10-11 16:32:43.665277+00	42	kurpatov_y4	2	[{"changed": {"fields": ["Username \\u0430\\u043a\\u043a\\u0430\\u0443\\u043d\\u0442\\u0430 \\u0422\\u0435\\u043b\\u0435\\u0433\\u0440\\u0430\\u043c\\u043c"]}}]	17	1
544	2023-10-18 15:55:29.579201+00	8	/media/media/postgres_data/objects/comments/images/AQADDs0xG0sncEl-.jpg	3		58	1
577	2023-10-18 16:05:37.299085+00	10	/media/postgres_data/objects/comments/images/AQADDM0xG0sncEl-.jpg	3		58	1
578	2023-10-18 16:05:37.31441+00	9	/media/postgres_data/objects/comments/images/AQADrNUxG0sngEl-.jpg	3		58	1
579	2023-10-18 16:06:00.90151+00	39	Comment by 78 on 4 for 198	3		57	1
580	2023-10-18 16:06:00.907901+00	38	Comment by 78 on 4 for 1	3		57	1
581	2023-10-18 16:06:00.913124+00	37	Comment by 78 on 4 for 1	3		57	1
582	2023-10-18 16:06:00.920015+00	36	Comment by 78 on 4 for 1	3		57	1
583	2023-10-18 16:06:00.925533+00	35	Comment by 78 on 4 for 3	3		57	1
\.


--
-- Data for Name: django_content_type; Type: TABLE DATA; Schema: public; Owner: postgres
--

COPY public.django_content_type (id, app_label, model) FROM stdin;
1	admin	logentry
2	auth	permission
3	auth	group
4	auth	user
5	contenttypes	contenttype
6	sessions	session
7	PocketServiceApp	area
8	PocketServiceApp	contract
9	PocketServiceApp	fileobject
10	PocketServiceApp	imageobject
11	PocketServiceApp	onlinetransaction
12	PocketServiceApp	order
13	PocketServiceApp	person
14	PocketServiceApp	product
15	PocketServiceApp	role
16	PocketServiceApp	administrator
17	PocketServiceApp	agent
18	PocketServiceApp	client
19	PocketServiceApp	smeta
20	PocketServiceApp	company
21	PocketServiceApp	price
54	PocketServiceApp	specialization
55	PocketServiceApp	university
56	PocketServiceApp	education
57	PocketServiceApp	comment
58	PocketServiceApp	commentimages
59	PocketServiceApp	personfiles
60	PocketServiceApp	personimages
\.


--
-- Data for Name: django_migrations; Type: TABLE DATA; Schema: public; Owner: postgres
--

COPY public.django_migrations (id, app, name, applied) FROM stdin;
1	PocketServiceApp	0001_initial	2023-08-03 10:49:28.595755+00
2	contenttypes	0001_initial	2023-08-03 10:49:28.63121+00
3	auth	0001_initial	2023-08-03 10:49:28.901365+00
4	admin	0001_initial	2023-08-03 10:49:28.967039+00
5	admin	0002_logentry_remove_auto_add	2023-08-03 10:49:28.9824+00
6	admin	0003_logentry_add_action_flag_choices	2023-08-03 10:49:28.998082+00
7	contenttypes	0002_remove_content_type_name	2023-08-03 10:49:29.043247+00
8	auth	0002_alter_permission_name_max_length	2023-08-03 10:49:29.06996+00
9	auth	0003_alter_user_email_max_length	2023-08-03 10:49:29.084685+00
10	auth	0004_alter_user_username_opts	2023-08-03 10:49:29.099265+00
11	auth	0005_alter_user_last_login_null	2023-08-03 10:49:29.114874+00
12	auth	0006_require_contenttypes_0002	2023-08-03 10:49:29.122366+00
13	auth	0007_alter_validators_add_error_messages	2023-08-03 10:49:29.139465+00
14	auth	0008_alter_user_username_max_length	2023-08-03 10:49:29.169524+00
15	auth	0009_alter_user_last_name_max_length	2023-08-03 10:49:29.187339+00
16	auth	0010_alter_group_name_max_length	2023-08-03 10:49:29.207538+00
17	auth	0011_update_proxy_permissions	2023-08-03 10:49:29.241685+00
18	auth	0012_alter_user_first_name_max_length	2023-08-03 10:49:29.258469+00
19	sessions	0001_initial	2023-08-03 10:49:29.307356+00
20	PocketServiceApp	0002_person_person_fio	2023-08-14 15:39:38.5013+00
21	PocketServiceApp	0003_company_agent_company	2023-08-18 16:00:03.650517+00
22	PocketServiceApp	0004_agent_products_alter_product_product_type	2023-08-19 12:50:39.246901+00
23	PocketServiceApp	0005_remove_client_object_information	2023-08-19 14:24:50.615412+00
24	PocketServiceApp	0006_order_status_flag	2023-08-22 16:05:51.086812+00
25	PocketServiceApp	0007_order_end_time_order_start_time_alter_order_deadline	2023-08-24 16:40:04.644144+00
58	PocketServiceApp	0008_remove_person_username_and_more	2023-09-06 15:36:13.780314+00
91	PocketServiceApp	0009_alter_product_product_type	2023-09-20 08:04:34.23949+00
92	PocketServiceApp	0010_price_price_index_price_time	2023-09-20 10:27:27.275632+00
125	PocketServiceApp	0011_price_agent	2023-09-20 10:31:11.652758+00
126	PocketServiceApp	0012_remove_price_index_price_time_alter_price_table	2023-09-20 11:06:23.892639+00
127	PocketServiceApp	0013_specialization_university_alter_contract_end_date_and_more	2023-09-29 11:41:02.014923+00
128	PocketServiceApp	0014_alter_education_specialization_and_more	2023-09-29 13:17:53.202405+00
129	PocketServiceApp	0015_alter_education_agent_alter_education_specialization_and_more	2023-10-05 15:31:17.175998+00
130	PocketServiceApp	0016_comment_commentimages_personfiles_personimages_and_more	2023-10-06 16:00:25.873419+00
131	PocketServiceApp	0017_alter_commentimages_table_alter_personfiles_table_and_more	2023-10-06 16:23:26.514944+00
\.


--
-- Data for Name: django_session; Type: TABLE DATA; Schema: public; Owner: postgres
--

COPY public.django_session (session_key, session_data, expire_date) FROM stdin;
a7cjoljvuctdmgnbmt118sac5y5pys2t	.eJxVjDsOwjAQBe_iGln-y0tJzxkse3eFA8iW8qki7o4jpYB2Zt7bRcrbWtO28JwmElehxeWXlYwvboegZ26PLrG3dZ6KPBJ52kXeO_H7drZ_BzUvdazRMGe2FIEtAhgDPpfAqBVHChwAHKpQFKD1TlEMSrmg44Bo_DDi8wXyfjd1:1qSYba:8Nt9k2lDonH2yvo4yey8aBENVXfnhdQwxfZ_1dyPC3Y	2023-08-20 07:55:14.363532+00
ryuv8cd40qt8hl42dkiknftx1qaw4m0f	.eJxVjDsOwjAQBe_iGln-y0tJzxkse3eFA8iW8qki7o4jpYB2Zt7bRcrbWtO28JwmElehxeWXlYwvboegZ26PLrG3dZ6KPBJ52kXeO_H7drZ_BzUvdazRMGe2FIEtAhgDPpfAqBVHChwAHKpQFKD1TlEMSrmg44Bo_DDi8wXyfjd1:1qYTGB:p_K02TAYmIQEHYSoPgRe2HvYZW8weQ3pyJb_dKpXRY4	2023-09-05 15:25:35.851149+00
j6znvd3hhi0nu74hf4s4qa8ls7fuec0z	.eJxVjDsOwjAQBe_iGln-y0tJzxkse3eFA8iW8qki7o4jpYB2Zt7bRcrbWtO28JwmElehxeWXlYwvboegZ26PLrG3dZ6KPBJ52kXeO_H7drZ_BzUvdazRMGe2FIEtAhgDPpfAqBVHChwAHKpQFKD1TlEMSrmg44Bo_DDi8wXyfjd1:1qdXyz:5wTsoZU10A4NPrQ1gJ5no2i1btl0XHyBwzeXL-2Bx_M	2023-09-19 15:28:49.830433+00
f89scn54yr18jtlzsy3tpq5vumrotm51	.eJxVjDsOwjAQBe_iGln-y0tJzxkse3eFA8iW8qki7o4jpYB2Zt7bRcrbWtO28JwmElehxeWXlYwvboegZ26PLrG3dZ6KPBJ52kXeO_H7drZ_BzUvdazRMGe2FIEtAhgDPpfAqBVHChwAHKpQFKD1TlEMSrmg44Bo_DDi8wXyfjd1:1qisAE:4s0nI3nu8W37ae92gP84HiSCjB_oFRmPq4rzP1pPO-I	2023-10-04 08:02:26.790751+00
fsddxoq1u61uq2wk5qxxctfp1kmz5qb9	.eJxVjDsOwjAQBe_iGln-y0tJzxkse3eFA8iW8qki7o4jpYB2Zt7bRcrbWtO28JwmElehxeWXlYwvboegZ26PLrG3dZ6KPBJ52kXeO_H7drZ_BzUvdazRMGe2FIEtAhgDPpfAqBVHChwAHKpQFKD1TlEMSrmg44Bo_DDi8wXyfjd1:1qonF6:sAM88nl1k3ivhORsTSOtTPh4R_zrrz5YiTUcg1v8aJ8	2023-10-20 15:59:56.123121+00
\.


--
-- Data for Name: education; Type: TABLE DATA; Schema: public; Owner: postgres
--

COPY public.education (id, creation_datetime, update_datetime, flag, period_start, period_end, document_check, agent_id, specialization_id, university_id) FROM stdin;
2	2023-09-29 13:10:02.733338+00	2023-09-29 13:10:02.733386+00	t	2003-09-01	2009-07-01	t	78	1	1
3	2023-09-29 13:18:20.23817+00	2023-09-29 13:18:20.238187+00	t	1997-09-01	2003-07-01	t	78	2	1
4	2023-09-29 13:18:42.530829+00	2023-09-29 13:18:42.530846+00	t	1997-09-01	2003-07-01	f	42	1	1
\.


--
-- Data for Name: order; Type: TABLE DATA; Schema: public; Owner: postgres
--

COPY public."order" (id, creation_datetime, update_datetime, flag, name, price, deadline, addition_information, reminder_status, control_flag, product_id, administrator_id, agent_id, client_id, status_flag, end_time, start_time) FROM stdin;
197	2023-09-21 21:30:41.975897+00	2023-09-21 21:30:41.975916+00	t	Первый	2000.00	2023-08-24	Перый	t	f	3	1	78	4	0	\N	2023-08-24
198	2023-09-21 21:33:28.545812+00	2023-09-21 21:33:28.545893+00	t	Вторая машинка	2000.00	2023-08-24	Перый	t	f	3	1	78	4	0	\N	2023-08-24
231	2023-10-11 16:17:14.415371+00	2023-10-11 16:17:14.415393+00	t	Заявка у Феди	10000.00	2023-10-11	Доп инфа	t	t	3	1	39	4	1	2023-10-11	2023-10-11
1	2023-08-19 18:48:54.774552+00	2023-08-19 18:48:54.77457+00	t	Первая заявка	200000.00	2024-08-19	Черновая отделка за год	t	t	1	1	78	4	0	\N	\N
2	2023-08-19 18:50:21.157351+00	2023-08-19 18:50:21.157369+00	t	Вторая заявка	2000.00	2023-08-29	Вторая заявка по измерению	t	f	1	1	42	4	0	\N	\N
3	2023-08-24 11:00:31.723254+00	2023-08-24 11:00:31.723274+00	t	Третья	11111.00	2023-08-24	Доп инфа	t	f	1	1	78	4	3	2023-08-24	2023-08-23
4	2023-08-24 16:21:06.765894+00	2023-08-24 16:21:06.765979+00	t	Четвертая	444444.00	2023-08-24	авыаывав	t	f	1	1	39	4	1	\N	2023-08-24
5	2023-08-24 16:45:08.680862+00	2023-08-24 16:45:08.680879+00	t	Пятая	5555.00	2023-08-24	5555	t	f	1	1	39	4	2	2023-08-24	2023-08-24
\.


--
-- Data for Name: person; Type: TABLE DATA; Schema: public; Owner: postgres
--

COPY public.person (id, creation_datetime, update_datetime, flag, name, surname, patronymic, date_of_birth, phone_number, telegram_chat_id, telegram_id, telegram_username, telegram_name, telegram_surname, email, background_image, person_fio) FROM stdin;
1	2023-08-06 07:58:12.936799+00	2023-08-06 07:58:12.936816+00	t	Главный	администрато	dasddd	2023-08-06	145656767	1233344444	123445353	head_admin	head_admin	head_admin	head_admin@yandex.ru		\N
79	2023-10-11 15:25:01.943901+00	2023-10-11 15:25:01.943921+00	t	\N	\N	\N	\N	\N	462536539	462536539	stroy_consult	\N	\N	\N		\N
42	2023-09-06 15:34:26.362076+00	2023-09-06 15:34:26.362115+00	t	Мосин	Майк	\N	\N	\N	2299957554	22999575534	kurpatov_y4	kurpatov_y4	\N	\N		\N
4	2023-08-15 16:04:36.272714+00	2023-08-15 16:04:36.272777+00	t	\N	\N	\N	\N	+79267008768	229995755	229995755	kurpatov_y	Kurpatov	\N	kurp@yandex.ru		Мосин Михаил Юрьевич
39	2023-09-06 15:27:25.542187+00	2023-09-06 15:27:25.542205+00	t	Федор	\N	\N	\N	\N	1074829928	1074829928	TeoProg	TeoProg	\N	\N		\N
78	2023-09-19 09:30:45.543039+00	2023-09-19 09:30:45.543068+00	t	\N	\N	\N	\N	\N	5721238199	5721238199	mark_kurp	Nichetakoi	\N	\N		Первый тестовый агент
\.


--
-- Data for Name: person_file; Type: TABLE DATA; Schema: public; Owner: postgres
--

COPY public.person_file (id, creation_datetime, update_datetime, flag, object_type, file_object, person_id) FROM stdin;
\.


--
-- Data for Name: person_image; Type: TABLE DATA; Schema: public; Owner: postgres
--

COPY public.person_image (id, creation_datetime, update_datetime, flag, image_object, person_id) FROM stdin;
\.


--
-- Data for Name: person_role; Type: TABLE DATA; Schema: public; Owner: postgres
--

COPY public.person_role (id, person_id, role_id) FROM stdin;
1	1	1
83	39	35
84	39	36
89	42	35
90	42	36
125	78	35
126	4	37
127	78	36
128	79	35
129	79	36
\.


--
-- Data for Name: price; Type: TABLE DATA; Schema: public; Owner: postgres
--

COPY public.price (id, creation_datetime, update_datetime, flag, price_value, product_id, agent_id) FROM stdin;
1	2023-09-20 12:55:12.50927+00	2023-09-20 12:55:12.509291+00	t	500	2	78
2	2023-09-20 12:55:48.698252+00	2023-09-20 12:55:48.698269+00	t	2000	1	78
3	2023-09-21 10:28:24.070753+00	2023-09-21 10:28:24.070772+00	t	2000	3	78
\.


--
-- Data for Name: product; Type: TABLE DATA; Schema: public; Owner: postgres
--

COPY public.product (id, creation_datetime, update_datetime, flag, product_type, addition_information, product_image) FROM stdin;
1	2023-08-19 18:46:15.968002+00	2023-08-19 18:46:15.968028+00	t	0	Занимаюсь черновым ремонтом квартир	
2	2023-09-19 09:57:46.640181+00	2023-09-19 09:57:46.640198+00	t	0	Ремонт от второго аккаунта	
3	2023-09-21 10:27:59.731979+00	2023-09-21 10:27:59.732006+00	t	1	Ремонт стиральной машинки	
\.


--
-- Data for Name: role; Type: TABLE DATA; Schema: public; Owner: postgres
--

COPY public.role (id, creation_datetime, update_datetime, flag, role_type) FROM stdin;
1	2023-08-06 07:57:59.236096+00	2023-08-06 07:57:59.236113+00	t	Главный администратор
2	2023-08-06 08:00:46.780233+00	2023-08-06 08:00:46.780252+00	t	Обычный клиент
36	2023-08-19 07:52:17.051676+00	2023-08-19 07:52:17.051693+00	t	Управляющий организации
35	2023-08-06 08:20:12.863996+00	2023-08-06 08:20:12.864022+00	t	Агент
37	2023-09-06 15:47:23.643388+00	2023-09-06 15:47:23.643411+00	t	Клиент
\.


--
-- Data for Name: smeta; Type: TABLE DATA; Schema: public; Owner: postgres
--

COPY public.smeta (id, creation_datetime, update_datetime, flag, name, smeta_type, description, name_work, quantity, unit, cost, price, contract_id) FROM stdin;
\.


--
-- Data for Name: specialization; Type: TABLE DATA; Schema: public; Owner: postgres
--

COPY public.specialization (id, creation_datetime, update_datetime, flag, name, specialization_description) FROM stdin;
1	2023-09-29 13:06:32.533538+00	2023-09-29 13:06:32.533555+00	t	Сантехника	
2	2023-09-29 13:14:31.042788+00	2023-09-29 13:14:31.042807+00	t	Машиностроение	
\.


--
-- Data for Name: university; Type: TABLE DATA; Schema: public; Owner: postgres
--

COPY public.university (id, creation_datetime, update_datetime, flag, name, university_description) FROM stdin;
1	2023-09-29 13:04:48.767358+00	2023-09-29 13:04:48.767378+00	t	МГУ им. Ломоносова	
\.


--
-- Data for Name: сontract; Type: TABLE DATA; Schema: public; Owner: postgres
--

COPY public."сontract" (id, creation_datetime, update_datetime, flag, name, contract_number, start_date, end_date, order_id) FROM stdin;
1	2023-08-19 18:51:00.36052+00	2023-08-19 18:51:00.360538+00	t	Первый контракт	00000000001	2023-08-19	2024-08-19	1
2	2023-08-19 18:51:23.317268+00	2023-08-19 18:51:23.317285+00	t	Второй контракт	00000000002	2023-08-19	2023-08-23	2
\.


--
-- Name: PocketServiceApp_price_id_seq; Type: SEQUENCE SET; Schema: public; Owner: postgres
--

SELECT pg_catalog.setval('public."PocketServiceApp_price_id_seq"', 3, true);


--
-- Name: Transactions_id_seq; Type: SEQUENCE SET; Schema: public; Owner: postgres
--

SELECT pg_catalog.setval('public."Transactions_id_seq"', 1, false);


--
-- Name: agent_area_id_seq; Type: SEQUENCE SET; Schema: public; Owner: postgres
--

SELECT pg_catalog.setval('public.agent_area_id_seq', 1, false);


--
-- Name: agent_products_id_seq; Type: SEQUENCE SET; Schema: public; Owner: postgres
--

SELECT pg_catalog.setval('public.agent_products_id_seq', 4, true);


--
-- Name: area_id_seq; Type: SEQUENCE SET; Schema: public; Owner: postgres
--

SELECT pg_catalog.setval('public.area_id_seq', 1, false);


--
-- Name: auth_group_id_seq; Type: SEQUENCE SET; Schema: public; Owner: postgres
--

SELECT pg_catalog.setval('public.auth_group_id_seq', 1, false);


--
-- Name: auth_group_permissions_id_seq; Type: SEQUENCE SET; Schema: public; Owner: postgres
--

SELECT pg_catalog.setval('public.auth_group_permissions_id_seq', 1, false);


--
-- Name: auth_permission_id_seq; Type: SEQUENCE SET; Schema: public; Owner: postgres
--

SELECT pg_catalog.setval('public.auth_permission_id_seq', 141, true);


--
-- Name: auth_user_groups_id_seq; Type: SEQUENCE SET; Schema: public; Owner: postgres
--

SELECT pg_catalog.setval('public.auth_user_groups_id_seq', 1, false);


--
-- Name: auth_user_id_seq; Type: SEQUENCE SET; Schema: public; Owner: postgres
--

SELECT pg_catalog.setval('public.auth_user_id_seq', 1, true);


--
-- Name: auth_user_user_permissions_id_seq; Type: SEQUENCE SET; Schema: public; Owner: postgres
--

SELECT pg_catalog.setval('public.auth_user_user_permissions_id_seq', 1, false);


--
-- Name: comment_id_seq; Type: SEQUENCE SET; Schema: public; Owner: postgres
--

SELECT pg_catalog.setval('public.comment_id_seq', 76, true);


--
-- Name: comment_images_id_seq; Type: SEQUENCE SET; Schema: public; Owner: postgres
--

SELECT pg_catalog.setval('public.comment_images_id_seq', 52, true);


--
-- Name: company_id_seq; Type: SEQUENCE SET; Schema: public; Owner: postgres
--

SELECT pg_catalog.setval('public.company_id_seq', 36, true);


--
-- Name: django_admin_log_id_seq; Type: SEQUENCE SET; Schema: public; Owner: postgres
--

SELECT pg_catalog.setval('public.django_admin_log_id_seq', 583, true);


--
-- Name: django_content_type_id_seq; Type: SEQUENCE SET; Schema: public; Owner: postgres
--

SELECT pg_catalog.setval('public.django_content_type_id_seq', 60, true);


--
-- Name: django_migrations_id_seq; Type: SEQUENCE SET; Schema: public; Owner: postgres
--

SELECT pg_catalog.setval('public.django_migrations_id_seq', 131, true);


--
-- Name: education_id_seq; Type: SEQUENCE SET; Schema: public; Owner: postgres
--

SELECT pg_catalog.setval('public.education_id_seq', 4, true);


--
-- Name: order_id_seq; Type: SEQUENCE SET; Schema: public; Owner: postgres
--

SELECT pg_catalog.setval('public.order_id_seq', 231, true);


--
-- Name: person_files_id_seq; Type: SEQUENCE SET; Schema: public; Owner: postgres
--

SELECT pg_catalog.setval('public.person_files_id_seq', 1, false);


--
-- Name: person_id_seq; Type: SEQUENCE SET; Schema: public; Owner: postgres
--

SELECT pg_catalog.setval('public.person_id_seq', 79, true);


--
-- Name: person_images_id_seq; Type: SEQUENCE SET; Schema: public; Owner: postgres
--

SELECT pg_catalog.setval('public.person_images_id_seq', 1, false);


--
-- Name: person_role_id_seq; Type: SEQUENCE SET; Schema: public; Owner: postgres
--

SELECT pg_catalog.setval('public.person_role_id_seq', 129, true);


--
-- Name: product_id_seq; Type: SEQUENCE SET; Schema: public; Owner: postgres
--

SELECT pg_catalog.setval('public.product_id_seq', 3, true);


--
-- Name: role_id_seq; Type: SEQUENCE SET; Schema: public; Owner: postgres
--

SELECT pg_catalog.setval('public.role_id_seq', 69, true);


--
-- Name: smeta_id_seq; Type: SEQUENCE SET; Schema: public; Owner: postgres
--

SELECT pg_catalog.setval('public.smeta_id_seq', 1, false);


--
-- Name: specialization_id_seq; Type: SEQUENCE SET; Schema: public; Owner: postgres
--

SELECT pg_catalog.setval('public.specialization_id_seq', 34, true);


--
-- Name: university_id_seq; Type: SEQUENCE SET; Schema: public; Owner: postgres
--

SELECT pg_catalog.setval('public.university_id_seq', 1, true);


--
-- Name: сontract_id_seq; Type: SEQUENCE SET; Schema: public; Owner: postgres
--

SELECT pg_catalog.setval('public."сontract_id_seq"', 2, true);


--
-- Name: price PocketServiceApp_price_pkey; Type: CONSTRAINT; Schema: public; Owner: postgres
--

ALTER TABLE ONLY public.price
    ADD CONSTRAINT "PocketServiceApp_price_pkey" PRIMARY KEY (id);


--
-- Name: Transactions Transactions_pkey; Type: CONSTRAINT; Schema: public; Owner: postgres
--

ALTER TABLE ONLY public."Transactions"
    ADD CONSTRAINT "Transactions_pkey" PRIMARY KEY (id);


--
-- Name: administrator administrator_pkey; Type: CONSTRAINT; Schema: public; Owner: postgres
--

ALTER TABLE ONLY public.administrator
    ADD CONSTRAINT administrator_pkey PRIMARY KEY (person_ptr_id);


--
-- Name: agent_area agent_area_agent_id_area_id_554f7c6d_uniq; Type: CONSTRAINT; Schema: public; Owner: postgres
--

ALTER TABLE ONLY public.agent_area
    ADD CONSTRAINT agent_area_agent_id_area_id_554f7c6d_uniq UNIQUE (agent_id, area_id);


--
-- Name: agent_area agent_area_pkey; Type: CONSTRAINT; Schema: public; Owner: postgres
--

ALTER TABLE ONLY public.agent_area
    ADD CONSTRAINT agent_area_pkey PRIMARY KEY (id);


--
-- Name: agent agent_pkey; Type: CONSTRAINT; Schema: public; Owner: postgres
--

ALTER TABLE ONLY public.agent
    ADD CONSTRAINT agent_pkey PRIMARY KEY (person_ptr_id);


--
-- Name: agent_products agent_products_agent_id_product_id_7d9c78da_uniq; Type: CONSTRAINT; Schema: public; Owner: postgres
--

ALTER TABLE ONLY public.agent_products
    ADD CONSTRAINT agent_products_agent_id_product_id_7d9c78da_uniq UNIQUE (agent_id, product_id);


--
-- Name: agent_products agent_products_pkey; Type: CONSTRAINT; Schema: public; Owner: postgres
--

ALTER TABLE ONLY public.agent_products
    ADD CONSTRAINT agent_products_pkey PRIMARY KEY (id);


--
-- Name: area area_pkey; Type: CONSTRAINT; Schema: public; Owner: postgres
--

ALTER TABLE ONLY public.area
    ADD CONSTRAINT area_pkey PRIMARY KEY (id);


--
-- Name: auth_group auth_group_name_key; Type: CONSTRAINT; Schema: public; Owner: postgres
--

ALTER TABLE ONLY public.auth_group
    ADD CONSTRAINT auth_group_name_key UNIQUE (name);


--
-- Name: auth_group_permissions auth_group_permissions_group_id_permission_id_0cd325b0_uniq; Type: CONSTRAINT; Schema: public; Owner: postgres
--

ALTER TABLE ONLY public.auth_group_permissions
    ADD CONSTRAINT auth_group_permissions_group_id_permission_id_0cd325b0_uniq UNIQUE (group_id, permission_id);


--
-- Name: auth_group_permissions auth_group_permissions_pkey; Type: CONSTRAINT; Schema: public; Owner: postgres
--

ALTER TABLE ONLY public.auth_group_permissions
    ADD CONSTRAINT auth_group_permissions_pkey PRIMARY KEY (id);


--
-- Name: auth_group auth_group_pkey; Type: CONSTRAINT; Schema: public; Owner: postgres
--

ALTER TABLE ONLY public.auth_group
    ADD CONSTRAINT auth_group_pkey PRIMARY KEY (id);


--
-- Name: auth_permission auth_permission_content_type_id_codename_01ab375a_uniq; Type: CONSTRAINT; Schema: public; Owner: postgres
--

ALTER TABLE ONLY public.auth_permission
    ADD CONSTRAINT auth_permission_content_type_id_codename_01ab375a_uniq UNIQUE (content_type_id, codename);


--
-- Name: auth_permission auth_permission_pkey; Type: CONSTRAINT; Schema: public; Owner: postgres
--

ALTER TABLE ONLY public.auth_permission
    ADD CONSTRAINT auth_permission_pkey PRIMARY KEY (id);


--
-- Name: auth_user_groups auth_user_groups_pkey; Type: CONSTRAINT; Schema: public; Owner: postgres
--

ALTER TABLE ONLY public.auth_user_groups
    ADD CONSTRAINT auth_user_groups_pkey PRIMARY KEY (id);


--
-- Name: auth_user_groups auth_user_groups_user_id_group_id_94350c0c_uniq; Type: CONSTRAINT; Schema: public; Owner: postgres
--

ALTER TABLE ONLY public.auth_user_groups
    ADD CONSTRAINT auth_user_groups_user_id_group_id_94350c0c_uniq UNIQUE (user_id, group_id);


--
-- Name: auth_user auth_user_pkey; Type: CONSTRAINT; Schema: public; Owner: postgres
--

ALTER TABLE ONLY public.auth_user
    ADD CONSTRAINT auth_user_pkey PRIMARY KEY (id);


--
-- Name: auth_user_user_permissions auth_user_user_permissions_pkey; Type: CONSTRAINT; Schema: public; Owner: postgres
--

ALTER TABLE ONLY public.auth_user_user_permissions
    ADD CONSTRAINT auth_user_user_permissions_pkey PRIMARY KEY (id);


--
-- Name: auth_user_user_permissions auth_user_user_permissions_user_id_permission_id_14a6b632_uniq; Type: CONSTRAINT; Schema: public; Owner: postgres
--

ALTER TABLE ONLY public.auth_user_user_permissions
    ADD CONSTRAINT auth_user_user_permissions_user_id_permission_id_14a6b632_uniq UNIQUE (user_id, permission_id);


--
-- Name: auth_user auth_user_username_key; Type: CONSTRAINT; Schema: public; Owner: postgres
--

ALTER TABLE ONLY public.auth_user
    ADD CONSTRAINT auth_user_username_key UNIQUE (username);


--
-- Name: client client_pkey; Type: CONSTRAINT; Schema: public; Owner: postgres
--

ALTER TABLE ONLY public.client
    ADD CONSTRAINT client_pkey PRIMARY KEY (person_ptr_id);


--
-- Name: comment_image comment_images_pkey; Type: CONSTRAINT; Schema: public; Owner: postgres
--

ALTER TABLE ONLY public.comment_image
    ADD CONSTRAINT comment_images_pkey PRIMARY KEY (id);


--
-- Name: comment comment_pkey; Type: CONSTRAINT; Schema: public; Owner: postgres
--

ALTER TABLE ONLY public.comment
    ADD CONSTRAINT comment_pkey PRIMARY KEY (id);


--
-- Name: company company_pkey; Type: CONSTRAINT; Schema: public; Owner: postgres
--

ALTER TABLE ONLY public.company
    ADD CONSTRAINT company_pkey PRIMARY KEY (id);


--
-- Name: django_admin_log django_admin_log_pkey; Type: CONSTRAINT; Schema: public; Owner: postgres
--

ALTER TABLE ONLY public.django_admin_log
    ADD CONSTRAINT django_admin_log_pkey PRIMARY KEY (id);


--
-- Name: django_content_type django_content_type_app_label_model_76bd3d3b_uniq; Type: CONSTRAINT; Schema: public; Owner: postgres
--

ALTER TABLE ONLY public.django_content_type
    ADD CONSTRAINT django_content_type_app_label_model_76bd3d3b_uniq UNIQUE (app_label, model);


--
-- Name: django_content_type django_content_type_pkey; Type: CONSTRAINT; Schema: public; Owner: postgres
--

ALTER TABLE ONLY public.django_content_type
    ADD CONSTRAINT django_content_type_pkey PRIMARY KEY (id);


--
-- Name: django_migrations django_migrations_pkey; Type: CONSTRAINT; Schema: public; Owner: postgres
--

ALTER TABLE ONLY public.django_migrations
    ADD CONSTRAINT django_migrations_pkey PRIMARY KEY (id);


--
-- Name: django_session django_session_pkey; Type: CONSTRAINT; Schema: public; Owner: postgres
--

ALTER TABLE ONLY public.django_session
    ADD CONSTRAINT django_session_pkey PRIMARY KEY (session_key);


--
-- Name: education education_pkey; Type: CONSTRAINT; Schema: public; Owner: postgres
--

ALTER TABLE ONLY public.education
    ADD CONSTRAINT education_pkey PRIMARY KEY (id);


--
-- Name: order order_pkey; Type: CONSTRAINT; Schema: public; Owner: postgres
--

ALTER TABLE ONLY public."order"
    ADD CONSTRAINT order_pkey PRIMARY KEY (id);


--
-- Name: person_file person_files_pkey; Type: CONSTRAINT; Schema: public; Owner: postgres
--

ALTER TABLE ONLY public.person_file
    ADD CONSTRAINT person_files_pkey PRIMARY KEY (id);


--
-- Name: person_image person_images_pkey; Type: CONSTRAINT; Schema: public; Owner: postgres
--

ALTER TABLE ONLY public.person_image
    ADD CONSTRAINT person_images_pkey PRIMARY KEY (id);


--
-- Name: person person_pkey; Type: CONSTRAINT; Schema: public; Owner: postgres
--

ALTER TABLE ONLY public.person
    ADD CONSTRAINT person_pkey PRIMARY KEY (id);


--
-- Name: person_role person_role_person_id_role_id_464dd868_uniq; Type: CONSTRAINT; Schema: public; Owner: postgres
--

ALTER TABLE ONLY public.person_role
    ADD CONSTRAINT person_role_person_id_role_id_464dd868_uniq UNIQUE (person_id, role_id);


--
-- Name: person_role person_role_pkey; Type: CONSTRAINT; Schema: public; Owner: postgres
--

ALTER TABLE ONLY public.person_role
    ADD CONSTRAINT person_role_pkey PRIMARY KEY (id);


--
-- Name: product product_pkey; Type: CONSTRAINT; Schema: public; Owner: postgres
--

ALTER TABLE ONLY public.product
    ADD CONSTRAINT product_pkey PRIMARY KEY (id);


--
-- Name: role role_pkey; Type: CONSTRAINT; Schema: public; Owner: postgres
--

ALTER TABLE ONLY public.role
    ADD CONSTRAINT role_pkey PRIMARY KEY (id);


--
-- Name: smeta smeta_pkey; Type: CONSTRAINT; Schema: public; Owner: postgres
--

ALTER TABLE ONLY public.smeta
    ADD CONSTRAINT smeta_pkey PRIMARY KEY (id);


--
-- Name: specialization specialization_pkey; Type: CONSTRAINT; Schema: public; Owner: postgres
--

ALTER TABLE ONLY public.specialization
    ADD CONSTRAINT specialization_pkey PRIMARY KEY (id);


--
-- Name: university university_pkey; Type: CONSTRAINT; Schema: public; Owner: postgres
--

ALTER TABLE ONLY public.university
    ADD CONSTRAINT university_pkey PRIMARY KEY (id);


--
-- Name: сontract сontract_pkey; Type: CONSTRAINT; Schema: public; Owner: postgres
--

ALTER TABLE ONLY public."сontract"
    ADD CONSTRAINT "сontract_pkey" PRIMARY KEY (id);


--
-- Name: PocketServiceApp_price_agent_id_50af8d9c; Type: INDEX; Schema: public; Owner: postgres
--

CREATE INDEX "PocketServiceApp_price_agent_id_50af8d9c" ON public.price USING btree (agent_id);


--
-- Name: PocketServiceApp_price_product_id_37624692; Type: INDEX; Schema: public; Owner: postgres
--

CREATE INDEX "PocketServiceApp_price_product_id_37624692" ON public.price USING btree (product_id);


--
-- Name: Transactions_order_id_1e13bcd9; Type: INDEX; Schema: public; Owner: postgres
--

CREATE INDEX "Transactions_order_id_1e13bcd9" ON public."Transactions" USING btree (order_id);


--
-- Name: agent_area_agent_id_e803caee; Type: INDEX; Schema: public; Owner: postgres
--

CREATE INDEX agent_area_agent_id_e803caee ON public.agent_area USING btree (agent_id);


--
-- Name: agent_area_area_id_9130430c; Type: INDEX; Schema: public; Owner: postgres
--

CREATE INDEX agent_area_area_id_9130430c ON public.agent_area USING btree (area_id);


--
-- Name: agent_company_id_a592e62c; Type: INDEX; Schema: public; Owner: postgres
--

CREATE INDEX agent_company_id_a592e62c ON public.agent USING btree (company_id);


--
-- Name: agent_products_agent_id_95b0e5e4; Type: INDEX; Schema: public; Owner: postgres
--

CREATE INDEX agent_products_agent_id_95b0e5e4 ON public.agent_products USING btree (agent_id);


--
-- Name: agent_products_product_id_9a73426f; Type: INDEX; Schema: public; Owner: postgres
--

CREATE INDEX agent_products_product_id_9a73426f ON public.agent_products USING btree (product_id);


--
-- Name: auth_group_name_a6ea08ec_like; Type: INDEX; Schema: public; Owner: postgres
--

CREATE INDEX auth_group_name_a6ea08ec_like ON public.auth_group USING btree (name varchar_pattern_ops);


--
-- Name: auth_group_permissions_group_id_b120cbf9; Type: INDEX; Schema: public; Owner: postgres
--

CREATE INDEX auth_group_permissions_group_id_b120cbf9 ON public.auth_group_permissions USING btree (group_id);


--
-- Name: auth_group_permissions_permission_id_84c5c92e; Type: INDEX; Schema: public; Owner: postgres
--

CREATE INDEX auth_group_permissions_permission_id_84c5c92e ON public.auth_group_permissions USING btree (permission_id);


--
-- Name: auth_permission_content_type_id_2f476e4b; Type: INDEX; Schema: public; Owner: postgres
--

CREATE INDEX auth_permission_content_type_id_2f476e4b ON public.auth_permission USING btree (content_type_id);


--
-- Name: auth_user_groups_group_id_97559544; Type: INDEX; Schema: public; Owner: postgres
--

CREATE INDEX auth_user_groups_group_id_97559544 ON public.auth_user_groups USING btree (group_id);


--
-- Name: auth_user_groups_user_id_6a12ed8b; Type: INDEX; Schema: public; Owner: postgres
--

CREATE INDEX auth_user_groups_user_id_6a12ed8b ON public.auth_user_groups USING btree (user_id);


--
-- Name: auth_user_user_permissions_permission_id_1fbb5f2c; Type: INDEX; Schema: public; Owner: postgres
--

CREATE INDEX auth_user_user_permissions_permission_id_1fbb5f2c ON public.auth_user_user_permissions USING btree (permission_id);


--
-- Name: auth_user_user_permissions_user_id_a95ead1b; Type: INDEX; Schema: public; Owner: postgres
--

CREATE INDEX auth_user_user_permissions_user_id_a95ead1b ON public.auth_user_user_permissions USING btree (user_id);


--
-- Name: auth_user_username_6821ab7c_like; Type: INDEX; Schema: public; Owner: postgres
--

CREATE INDEX auth_user_username_6821ab7c_like ON public.auth_user USING btree (username varchar_pattern_ops);


--
-- Name: comment_agent_id_232597e4; Type: INDEX; Schema: public; Owner: postgres
--

CREATE INDEX comment_agent_id_232597e4 ON public.comment USING btree (agent_id);


--
-- Name: comment_client_id_5a141a47; Type: INDEX; Schema: public; Owner: postgres
--

CREATE INDEX comment_client_id_5a141a47 ON public.comment USING btree (client_id);


--
-- Name: comment_images_comment_id_72ad3569; Type: INDEX; Schema: public; Owner: postgres
--

CREATE INDEX comment_images_comment_id_72ad3569 ON public.comment_image USING btree (comment_id);


--
-- Name: comment_order_id_c2e30380; Type: INDEX; Schema: public; Owner: postgres
--

CREATE INDEX comment_order_id_c2e30380 ON public.comment USING btree (order_id);


--
-- Name: django_admin_log_content_type_id_c4bce8eb; Type: INDEX; Schema: public; Owner: postgres
--

CREATE INDEX django_admin_log_content_type_id_c4bce8eb ON public.django_admin_log USING btree (content_type_id);


--
-- Name: django_admin_log_user_id_c564eba6; Type: INDEX; Schema: public; Owner: postgres
--

CREATE INDEX django_admin_log_user_id_c564eba6 ON public.django_admin_log USING btree (user_id);


--
-- Name: django_session_expire_date_a5c62663; Type: INDEX; Schema: public; Owner: postgres
--

CREATE INDEX django_session_expire_date_a5c62663 ON public.django_session USING btree (expire_date);


--
-- Name: django_session_session_key_c0390e0f_like; Type: INDEX; Schema: public; Owner: postgres
--

CREATE INDEX django_session_session_key_c0390e0f_like ON public.django_session USING btree (session_key varchar_pattern_ops);


--
-- Name: education_agent_id_1cc2564f; Type: INDEX; Schema: public; Owner: postgres
--

CREATE INDEX education_agent_id_1cc2564f ON public.education USING btree (agent_id);


--
-- Name: education_specialization_id_428d3e50; Type: INDEX; Schema: public; Owner: postgres
--

CREATE INDEX education_specialization_id_428d3e50 ON public.education USING btree (specialization_id);


--
-- Name: education_university_id_b2a10659; Type: INDEX; Schema: public; Owner: postgres
--

CREATE INDEX education_university_id_b2a10659 ON public.education USING btree (university_id);


--
-- Name: index_area_name; Type: INDEX; Schema: public; Owner: postgres
--

CREATE INDEX index_area_name ON public.area USING btree (area_name);


--
-- Name: index_area_time; Type: INDEX; Schema: public; Owner: postgres
--

CREATE INDEX index_area_time ON public.area USING btree (creation_datetime);


--
-- Name: index_commentimages_time; Type: INDEX; Schema: public; Owner: postgres
--

CREATE INDEX index_commentimages_time ON public.comment_image USING btree (creation_datetime);


--
-- Name: index_contract_time; Type: INDEX; Schema: public; Owner: postgres
--

CREATE INDEX index_contract_time ON public."сontract" USING btree (creation_datetime);


--
-- Name: index_name_order; Type: INDEX; Schema: public; Owner: postgres
--

CREATE INDEX index_name_order ON public."order" USING btree (name);


--
-- Name: index_name_product; Type: INDEX; Schema: public; Owner: postgres
--

CREATE INDEX index_name_product ON public.product USING btree (product_type);


--
-- Name: index_number_contract; Type: INDEX; Schema: public; Owner: postgres
--

CREATE INDEX index_number_contract ON public."сontract" USING btree (contract_number);


--
-- Name: index_onlinetransaction_time; Type: INDEX; Schema: public; Owner: postgres
--

CREATE INDEX index_onlinetransaction_time ON public."Transactions" USING btree (creation_datetime);


--
-- Name: index_order_time; Type: INDEX; Schema: public; Owner: postgres
--

CREATE INDEX index_order_time ON public."order" USING btree (creation_datetime);


--
-- Name: index_person_time; Type: INDEX; Schema: public; Owner: postgres
--

CREATE INDEX index_person_time ON public.person USING btree (creation_datetime);


--
-- Name: index_personfiles_time; Type: INDEX; Schema: public; Owner: postgres
--

CREATE INDEX index_personfiles_time ON public.person_file USING btree (creation_datetime);


--
-- Name: index_personimages_time; Type: INDEX; Schema: public; Owner: postgres
--

CREATE INDEX index_personimages_time ON public.person_image USING btree (creation_datetime);


--
-- Name: index_persons_email; Type: INDEX; Schema: public; Owner: postgres
--

CREATE INDEX index_persons_email ON public.person USING btree (email);


--
-- Name: index_persons_phone_number; Type: INDEX; Schema: public; Owner: postgres
--

CREATE INDEX index_persons_phone_number ON public.person USING btree (phone_number);


--
-- Name: index_persons_telegram_id; Type: INDEX; Schema: public; Owner: postgres
--

CREATE INDEX index_persons_telegram_id ON public.person USING btree (telegram_id);


--
-- Name: index_product_time; Type: INDEX; Schema: public; Owner: postgres
--

CREATE INDEX index_product_time ON public.product USING btree (creation_datetime);


--
-- Name: index_role_time; Type: INDEX; Schema: public; Owner: postgres
--

CREATE INDEX index_role_time ON public.role USING btree (creation_datetime);


--
-- Name: index_smeta_time; Type: INDEX; Schema: public; Owner: postgres
--

CREATE INDEX index_smeta_time ON public.smeta USING btree (creation_datetime);


--
-- Name: order_administrator_id_19ebac5e; Type: INDEX; Schema: public; Owner: postgres
--

CREATE INDEX order_administrator_id_19ebac5e ON public."order" USING btree (administrator_id);


--
-- Name: order_agent_id_c34fb416; Type: INDEX; Schema: public; Owner: postgres
--

CREATE INDEX order_agent_id_c34fb416 ON public."order" USING btree (agent_id);


--
-- Name: order_client_id_53f540f5; Type: INDEX; Schema: public; Owner: postgres
--

CREATE INDEX order_client_id_53f540f5 ON public."order" USING btree (client_id);


--
-- Name: order_product_id_5feb8b6f; Type: INDEX; Schema: public; Owner: postgres
--

CREATE INDEX order_product_id_5feb8b6f ON public."order" USING btree (product_id);


--
-- Name: person_files_person_id_da3161b9; Type: INDEX; Schema: public; Owner: postgres
--

CREATE INDEX person_files_person_id_da3161b9 ON public.person_file USING btree (person_id);


--
-- Name: person_images_person_id_b9b09b52; Type: INDEX; Schema: public; Owner: postgres
--

CREATE INDEX person_images_person_id_b9b09b52 ON public.person_image USING btree (person_id);


--
-- Name: person_role_person_id_ee70ed36; Type: INDEX; Schema: public; Owner: postgres
--

CREATE INDEX person_role_person_id_ee70ed36 ON public.person_role USING btree (person_id);


--
-- Name: person_role_role_id_3a9c2db1; Type: INDEX; Schema: public; Owner: postgres
--

CREATE INDEX person_role_role_id_3a9c2db1 ON public.person_role USING btree (role_id);


--
-- Name: smeta_contract_id_e6ff13dd; Type: INDEX; Schema: public; Owner: postgres
--

CREATE INDEX smeta_contract_id_e6ff13dd ON public.smeta USING btree (contract_id);


--
-- Name: сontract_order_id_90589a9b; Type: INDEX; Schema: public; Owner: postgres
--

CREATE INDEX "сontract_order_id_90589a9b" ON public."сontract" USING btree (order_id);


--
-- Name: price PocketServiceApp_price_agent_id_50af8d9c_fk_agent_person_ptr_id; Type: FK CONSTRAINT; Schema: public; Owner: postgres
--

ALTER TABLE ONLY public.price
    ADD CONSTRAINT "PocketServiceApp_price_agent_id_50af8d9c_fk_agent_person_ptr_id" FOREIGN KEY (agent_id) REFERENCES public.agent(person_ptr_id) DEFERRABLE INITIALLY DEFERRED;


--
-- Name: price PocketServiceApp_price_product_id_37624692_fk_product_id; Type: FK CONSTRAINT; Schema: public; Owner: postgres
--

ALTER TABLE ONLY public.price
    ADD CONSTRAINT "PocketServiceApp_price_product_id_37624692_fk_product_id" FOREIGN KEY (product_id) REFERENCES public.product(id) DEFERRABLE INITIALLY DEFERRED;


--
-- Name: Transactions Transactions_order_id_1e13bcd9_fk_order_id; Type: FK CONSTRAINT; Schema: public; Owner: postgres
--

ALTER TABLE ONLY public."Transactions"
    ADD CONSTRAINT "Transactions_order_id_1e13bcd9_fk_order_id" FOREIGN KEY (order_id) REFERENCES public."order"(id) DEFERRABLE INITIALLY DEFERRED;


--
-- Name: administrator administrator_person_ptr_id_a3263824_fk_person_id; Type: FK CONSTRAINT; Schema: public; Owner: postgres
--

ALTER TABLE ONLY public.administrator
    ADD CONSTRAINT administrator_person_ptr_id_a3263824_fk_person_id FOREIGN KEY (person_ptr_id) REFERENCES public.person(id) DEFERRABLE INITIALLY DEFERRED;


--
-- Name: agent_area agent_area_agent_id_e803caee_fk_agent_person_ptr_id; Type: FK CONSTRAINT; Schema: public; Owner: postgres
--

ALTER TABLE ONLY public.agent_area
    ADD CONSTRAINT agent_area_agent_id_e803caee_fk_agent_person_ptr_id FOREIGN KEY (agent_id) REFERENCES public.agent(person_ptr_id) DEFERRABLE INITIALLY DEFERRED;


--
-- Name: agent_area agent_area_area_id_9130430c_fk_area_id; Type: FK CONSTRAINT; Schema: public; Owner: postgres
--

ALTER TABLE ONLY public.agent_area
    ADD CONSTRAINT agent_area_area_id_9130430c_fk_area_id FOREIGN KEY (area_id) REFERENCES public.area(id) DEFERRABLE INITIALLY DEFERRED;


--
-- Name: agent agent_company_id_a592e62c_fk_company_id; Type: FK CONSTRAINT; Schema: public; Owner: postgres
--

ALTER TABLE ONLY public.agent
    ADD CONSTRAINT agent_company_id_a592e62c_fk_company_id FOREIGN KEY (company_id) REFERENCES public.company(id) DEFERRABLE INITIALLY DEFERRED;


--
-- Name: agent agent_person_ptr_id_eb8732e6_fk_person_id; Type: FK CONSTRAINT; Schema: public; Owner: postgres
--

ALTER TABLE ONLY public.agent
    ADD CONSTRAINT agent_person_ptr_id_eb8732e6_fk_person_id FOREIGN KEY (person_ptr_id) REFERENCES public.person(id) DEFERRABLE INITIALLY DEFERRED;


--
-- Name: agent_products agent_products_agent_id_95b0e5e4_fk_agent_person_ptr_id; Type: FK CONSTRAINT; Schema: public; Owner: postgres
--

ALTER TABLE ONLY public.agent_products
    ADD CONSTRAINT agent_products_agent_id_95b0e5e4_fk_agent_person_ptr_id FOREIGN KEY (agent_id) REFERENCES public.agent(person_ptr_id) DEFERRABLE INITIALLY DEFERRED;


--
-- Name: agent_products agent_products_product_id_9a73426f_fk_product_id; Type: FK CONSTRAINT; Schema: public; Owner: postgres
--

ALTER TABLE ONLY public.agent_products
    ADD CONSTRAINT agent_products_product_id_9a73426f_fk_product_id FOREIGN KEY (product_id) REFERENCES public.product(id) DEFERRABLE INITIALLY DEFERRED;


--
-- Name: auth_group_permissions auth_group_permissio_permission_id_84c5c92e_fk_auth_perm; Type: FK CONSTRAINT; Schema: public; Owner: postgres
--

ALTER TABLE ONLY public.auth_group_permissions
    ADD CONSTRAINT auth_group_permissio_permission_id_84c5c92e_fk_auth_perm FOREIGN KEY (permission_id) REFERENCES public.auth_permission(id) DEFERRABLE INITIALLY DEFERRED;


--
-- Name: auth_group_permissions auth_group_permissions_group_id_b120cbf9_fk_auth_group_id; Type: FK CONSTRAINT; Schema: public; Owner: postgres
--

ALTER TABLE ONLY public.auth_group_permissions
    ADD CONSTRAINT auth_group_permissions_group_id_b120cbf9_fk_auth_group_id FOREIGN KEY (group_id) REFERENCES public.auth_group(id) DEFERRABLE INITIALLY DEFERRED;


--
-- Name: auth_permission auth_permission_content_type_id_2f476e4b_fk_django_co; Type: FK CONSTRAINT; Schema: public; Owner: postgres
--

ALTER TABLE ONLY public.auth_permission
    ADD CONSTRAINT auth_permission_content_type_id_2f476e4b_fk_django_co FOREIGN KEY (content_type_id) REFERENCES public.django_content_type(id) DEFERRABLE INITIALLY DEFERRED;


--
-- Name: auth_user_groups auth_user_groups_group_id_97559544_fk_auth_group_id; Type: FK CONSTRAINT; Schema: public; Owner: postgres
--

ALTER TABLE ONLY public.auth_user_groups
    ADD CONSTRAINT auth_user_groups_group_id_97559544_fk_auth_group_id FOREIGN KEY (group_id) REFERENCES public.auth_group(id) DEFERRABLE INITIALLY DEFERRED;


--
-- Name: auth_user_groups auth_user_groups_user_id_6a12ed8b_fk_auth_user_id; Type: FK CONSTRAINT; Schema: public; Owner: postgres
--

ALTER TABLE ONLY public.auth_user_groups
    ADD CONSTRAINT auth_user_groups_user_id_6a12ed8b_fk_auth_user_id FOREIGN KEY (user_id) REFERENCES public.auth_user(id) DEFERRABLE INITIALLY DEFERRED;


--
-- Name: auth_user_user_permissions auth_user_user_permi_permission_id_1fbb5f2c_fk_auth_perm; Type: FK CONSTRAINT; Schema: public; Owner: postgres
--

ALTER TABLE ONLY public.auth_user_user_permissions
    ADD CONSTRAINT auth_user_user_permi_permission_id_1fbb5f2c_fk_auth_perm FOREIGN KEY (permission_id) REFERENCES public.auth_permission(id) DEFERRABLE INITIALLY DEFERRED;


--
-- Name: auth_user_user_permissions auth_user_user_permissions_user_id_a95ead1b_fk_auth_user_id; Type: FK CONSTRAINT; Schema: public; Owner: postgres
--

ALTER TABLE ONLY public.auth_user_user_permissions
    ADD CONSTRAINT auth_user_user_permissions_user_id_a95ead1b_fk_auth_user_id FOREIGN KEY (user_id) REFERENCES public.auth_user(id) DEFERRABLE INITIALLY DEFERRED;


--
-- Name: client client_person_ptr_id_4b27c8dc_fk_person_id; Type: FK CONSTRAINT; Schema: public; Owner: postgres
--

ALTER TABLE ONLY public.client
    ADD CONSTRAINT client_person_ptr_id_4b27c8dc_fk_person_id FOREIGN KEY (person_ptr_id) REFERENCES public.person(id) DEFERRABLE INITIALLY DEFERRED;


--
-- Name: comment comment_agent_id_232597e4_fk_agent_person_ptr_id; Type: FK CONSTRAINT; Schema: public; Owner: postgres
--

ALTER TABLE ONLY public.comment
    ADD CONSTRAINT comment_agent_id_232597e4_fk_agent_person_ptr_id FOREIGN KEY (agent_id) REFERENCES public.agent(person_ptr_id) DEFERRABLE INITIALLY DEFERRED;


--
-- Name: comment comment_client_id_5a141a47_fk_client_person_ptr_id; Type: FK CONSTRAINT; Schema: public; Owner: postgres
--

ALTER TABLE ONLY public.comment
    ADD CONSTRAINT comment_client_id_5a141a47_fk_client_person_ptr_id FOREIGN KEY (client_id) REFERENCES public.client(person_ptr_id) DEFERRABLE INITIALLY DEFERRED;


--
-- Name: comment_image comment_images_comment_id_72ad3569_fk_comment_id; Type: FK CONSTRAINT; Schema: public; Owner: postgres
--

ALTER TABLE ONLY public.comment_image
    ADD CONSTRAINT comment_images_comment_id_72ad3569_fk_comment_id FOREIGN KEY (comment_id) REFERENCES public.comment(id) DEFERRABLE INITIALLY DEFERRED;


--
-- Name: comment comment_order_id_c2e30380_fk_order_id; Type: FK CONSTRAINT; Schema: public; Owner: postgres
--

ALTER TABLE ONLY public.comment
    ADD CONSTRAINT comment_order_id_c2e30380_fk_order_id FOREIGN KEY (order_id) REFERENCES public."order"(id) DEFERRABLE INITIALLY DEFERRED;


--
-- Name: django_admin_log django_admin_log_content_type_id_c4bce8eb_fk_django_co; Type: FK CONSTRAINT; Schema: public; Owner: postgres
--

ALTER TABLE ONLY public.django_admin_log
    ADD CONSTRAINT django_admin_log_content_type_id_c4bce8eb_fk_django_co FOREIGN KEY (content_type_id) REFERENCES public.django_content_type(id) DEFERRABLE INITIALLY DEFERRED;


--
-- Name: django_admin_log django_admin_log_user_id_c564eba6_fk_auth_user_id; Type: FK CONSTRAINT; Schema: public; Owner: postgres
--

ALTER TABLE ONLY public.django_admin_log
    ADD CONSTRAINT django_admin_log_user_id_c564eba6_fk_auth_user_id FOREIGN KEY (user_id) REFERENCES public.auth_user(id) DEFERRABLE INITIALLY DEFERRED;


--
-- Name: education education_agent_id_1cc2564f_fk_agent_person_ptr_id; Type: FK CONSTRAINT; Schema: public; Owner: postgres
--

ALTER TABLE ONLY public.education
    ADD CONSTRAINT education_agent_id_1cc2564f_fk_agent_person_ptr_id FOREIGN KEY (agent_id) REFERENCES public.agent(person_ptr_id) DEFERRABLE INITIALLY DEFERRED;


--
-- Name: education education_specialization_id_428d3e50_fk_specialization_id; Type: FK CONSTRAINT; Schema: public; Owner: postgres
--

ALTER TABLE ONLY public.education
    ADD CONSTRAINT education_specialization_id_428d3e50_fk_specialization_id FOREIGN KEY (specialization_id) REFERENCES public.specialization(id) DEFERRABLE INITIALLY DEFERRED;


--
-- Name: education education_university_id_b2a10659_fk_university_id; Type: FK CONSTRAINT; Schema: public; Owner: postgres
--

ALTER TABLE ONLY public.education
    ADD CONSTRAINT education_university_id_b2a10659_fk_university_id FOREIGN KEY (university_id) REFERENCES public.university(id) DEFERRABLE INITIALLY DEFERRED;


--
-- Name: order order_administrator_id_19ebac5e_fk_administrator_person_ptr_id; Type: FK CONSTRAINT; Schema: public; Owner: postgres
--

ALTER TABLE ONLY public."order"
    ADD CONSTRAINT order_administrator_id_19ebac5e_fk_administrator_person_ptr_id FOREIGN KEY (administrator_id) REFERENCES public.administrator(person_ptr_id) DEFERRABLE INITIALLY DEFERRED;


--
-- Name: order order_agent_id_c34fb416_fk_agent_person_ptr_id; Type: FK CONSTRAINT; Schema: public; Owner: postgres
--

ALTER TABLE ONLY public."order"
    ADD CONSTRAINT order_agent_id_c34fb416_fk_agent_person_ptr_id FOREIGN KEY (agent_id) REFERENCES public.agent(person_ptr_id) DEFERRABLE INITIALLY DEFERRED;


--
-- Name: order order_client_id_53f540f5_fk_client_person_ptr_id; Type: FK CONSTRAINT; Schema: public; Owner: postgres
--

ALTER TABLE ONLY public."order"
    ADD CONSTRAINT order_client_id_53f540f5_fk_client_person_ptr_id FOREIGN KEY (client_id) REFERENCES public.client(person_ptr_id) DEFERRABLE INITIALLY DEFERRED;


--
-- Name: order order_product_id_5feb8b6f_fk_product_id; Type: FK CONSTRAINT; Schema: public; Owner: postgres
--

ALTER TABLE ONLY public."order"
    ADD CONSTRAINT order_product_id_5feb8b6f_fk_product_id FOREIGN KEY (product_id) REFERENCES public.product(id) DEFERRABLE INITIALLY DEFERRED;


--
-- Name: person_file person_files_person_id_da3161b9_fk_person_id; Type: FK CONSTRAINT; Schema: public; Owner: postgres
--

ALTER TABLE ONLY public.person_file
    ADD CONSTRAINT person_files_person_id_da3161b9_fk_person_id FOREIGN KEY (person_id) REFERENCES public.person(id) DEFERRABLE INITIALLY DEFERRED;


--
-- Name: person_image person_images_person_id_b9b09b52_fk_person_id; Type: FK CONSTRAINT; Schema: public; Owner: postgres
--

ALTER TABLE ONLY public.person_image
    ADD CONSTRAINT person_images_person_id_b9b09b52_fk_person_id FOREIGN KEY (person_id) REFERENCES public.person(id) DEFERRABLE INITIALLY DEFERRED;


--
-- Name: person_role person_role_person_id_ee70ed36_fk_person_id; Type: FK CONSTRAINT; Schema: public; Owner: postgres
--

ALTER TABLE ONLY public.person_role
    ADD CONSTRAINT person_role_person_id_ee70ed36_fk_person_id FOREIGN KEY (person_id) REFERENCES public.person(id) DEFERRABLE INITIALLY DEFERRED;


--
-- Name: person_role person_role_role_id_3a9c2db1_fk_role_id; Type: FK CONSTRAINT; Schema: public; Owner: postgres
--

ALTER TABLE ONLY public.person_role
    ADD CONSTRAINT person_role_role_id_3a9c2db1_fk_role_id FOREIGN KEY (role_id) REFERENCES public.role(id) DEFERRABLE INITIALLY DEFERRED;


--
-- Name: smeta smeta_contract_id_e6ff13dd_fk_сontract_id; Type: FK CONSTRAINT; Schema: public; Owner: postgres
--

ALTER TABLE ONLY public.smeta
    ADD CONSTRAINT "smeta_contract_id_e6ff13dd_fk_сontract_id" FOREIGN KEY (contract_id) REFERENCES public."сontract"(id) DEFERRABLE INITIALLY DEFERRED;


--
-- Name: сontract сontract_order_id_90589a9b_fk_order_id; Type: FK CONSTRAINT; Schema: public; Owner: postgres
--

ALTER TABLE ONLY public."сontract"
    ADD CONSTRAINT "сontract_order_id_90589a9b_fk_order_id" FOREIGN KEY (order_id) REFERENCES public."order"(id) DEFERRABLE INITIALLY DEFERRED;


--
-- PostgreSQL database dump complete
--

--
-- Database "postgres" dump
--

--
-- PostgreSQL database dump
--

-- Dumped from database version 14.7
-- Dumped by pg_dump version 14.7

SET statement_timeout = 0;
SET lock_timeout = 0;
SET idle_in_transaction_session_timeout = 0;
SET client_encoding = 'UTF8';
SET standard_conforming_strings = on;
SELECT pg_catalog.set_config('search_path', '', false);
SET check_function_bodies = false;
SET xmloption = content;
SET client_min_messages = warning;
SET row_security = off;

DROP DATABASE postgres;
--
-- Name: postgres; Type: DATABASE; Schema: -; Owner: postgres
--

CREATE DATABASE postgres WITH TEMPLATE = template0 ENCODING = 'UTF8' LOCALE = 'en_US.utf8';


ALTER DATABASE postgres OWNER TO postgres;

\connect postgres

SET statement_timeout = 0;
SET lock_timeout = 0;
SET idle_in_transaction_session_timeout = 0;
SET client_encoding = 'UTF8';
SET standard_conforming_strings = on;
SELECT pg_catalog.set_config('search_path', '', false);
SET check_function_bodies = false;
SET xmloption = content;
SET client_min_messages = warning;
SET row_security = off;

--
-- Name: DATABASE postgres; Type: COMMENT; Schema: -; Owner: postgres
--

COMMENT ON DATABASE postgres IS 'default administrative connection database';


--
-- PostgreSQL database dump complete
--

--
-- PostgreSQL database cluster dump complete
--

